,id,sugar to flour ratio,sugar index,bake temp,chill time,calories,grams baking soda,bake time,quality,weight,chocolate,"chocolate, oats","chocolate, oats, peanut butter","chocolate, peanut butter","nuts, chocolate","nuts, oats","nuts, oats, chocolate","nuts,raisins",peanut butter,raisins,"raisins, oats",cubed,melted
0,14,0.62,19.25,400.0,41.0,172.0,0.67,9.7,0,16.6,0,0,0,0,1,0,0,0,0,0,0,0,1
1,26,0.35,1.0,520.0,35.0,146.0,0.44,10.0,0,13.8,1,0,0,0,0,0,0,0,0,0,0,0,1
2,30,0.39,10.4,440.00000000000006,20.0,142.0,0.53,10.0,0,17.0,1,0,0,0,0,0,0,0,0,0,0,0,1
3,52,0.33,1.1,570.0,21.0,82.0,0.46,10.9,0,12.4,0,1,0,0,0,0,0,0,0,0,0,0,1
4,100,0.37,13.5,600.0,52.0,192.0,0.44,9.1,0,14.8,1,0,0,0,0,0,0,0,0,0,0,0,1
5,180,0.31,5.5,480.0,42.0,173.0,0.66,9.3,0,12.8,0,0,0,0,0,0,0,0,0,1,0,0,1
6,204,0.35,2.3,530.0,36.0,114.0,0.5,10.2,0,11.6,1,0,0,0,0,0,0,0,0,0,0,0,1
7,207,0.88,6.2,490.0,20.0,124.0,0.51,9.9,0,20.4,0,0,0,0,1,0,0,0,0,0,0,0,1
8,216,0.36,7.0,360.00000000000006,45.0,164.0,0.33,11.0,0,15.0,1,0,0,0,0,0,0,0,0,0,0,0,1
9,228,0.32,2.4,480.0,41.0,200.0,0.5,9.7,0,12.8,0,1,0,0,0,0,0,0,0,0,0,0,1
10,293,0.22,7.3,410.0,26.0,157.0,0.64,9.8,0,12.4,1,0,0,0,0,0,0,0,0,0,0,0,1
11,309,0.26,4.8,370.00000000000006,36.0,148.0,0.41,10.4,0,12.4,0,0,0,0,0,0,0,0,0,1,0,0,1
12,327,0.23,6.3,390.0,37.0,143.0,0.65,10.0,0,12.8,0,0,0,0,0,0,0,0,0,1,0,0,1
13,329,0.41,1.3,360.00000000000006,33.0,85.0,0.51,10.4,0,14.4,1,0,0,0,0,0,0,0,0,0,0,0,1
14,332,0.3,1.8,330.0,16.0,91.0,0.4,11.8,0,12.6,1,0,0,0,0,0,0,0,0,0,0,0,1
15,340,0.43,7.8,450.0,27.0,153.0,0.55,9.0,0,14.8,1,0,0,0,0,0,0,0,0,0,0,0,1
16,347,0.41,15.6,559.9999999999999,75.0,155.0,0.44,8.8,0,13.4,0,1,0,0,0,0,0,0,0,0,0,0,1
17,357,0.33,1.1,500.0,24.0,169.0,0.78,9.5,0,12.2,0,0,0,0,0,0,0,0,0,1,0,0,1
18,393,0.43,2.0,210.0,20.0,69.0,0.56,12.2,0,14.6,1,0,0,0,0,0,0,0,0,0,0,0,1
19,397,0.4,1.5,370.00000000000006,35.0,107.0,0.5,11.4,0,12.6,1,0,0,0,0,0,0,0,0,0,0,0,1
20,408,0.39,1.2,440.00000000000006,26.0,116.0,0.53,10.3,0,12.6,0,1,0,0,0,0,0,0,0,0,0,0,1
21,438,0.34,2.3,450.0,73.5,214.0,0.61,9.9,0,14.8,0,1,0,0,0,0,0,0,0,0,0,0,1
22,440,0.37,1.6,279.99999999999994,24.0,102.0,0.59,11.6,0,13.4,1,0,0,0,0,0,0,0,0,0,0,0,1
23,469,0.53,18.15,470.0,59.0,182.0,0.52,9.6,0,14.4,1,0,0,0,0,0,0,0,0,0,0,0,1
24,480,0.34,8.9,430.0,31.0,172.0,0.6,9.2,0,13.4,0,0,0,0,1,0,0,0,0,0,0,0,1
25,499,0.62,10.8,410.0,70.0,189.0,0.49,8.6,0,14.4,0,0,0,0,1,0,0,0,0,0,0,0,1
26,503,0.29,2.25,370.00000000000006,8.0,210.0,0.62,9.9,0,13.0,0,0,0,0,0,0,0,0,0,1,0,0,1
27,510,0.12,1.3,410.0,62.0,138.0,0.42,10.0,0,13.4,1,0,0,0,0,0,0,0,0,0,0,0,1
28,541,0.65,10.4,500.0,76.0,192.0,0.42,8.7,0,14.4,0,0,0,0,1,0,0,0,0,0,0,0,1
29,607,0.29,7.5,490.0,38.0,158.0,0.38,9.6,0,14.6,1,0,0,0,0,0,0,0,0,0,0,0,1
30,617,0.27,1.9,510.0,52.0,195.0,0.5,10.9,0,15.6,1,0,0,0,0,0,0,0,0,0,0,0,1
31,642,0.33,13.9,460.0,68.0,179.0,0.5,10.4,0,12.6,1,0,0,0,0,0,0,0,0,0,0,0,1
32,699,0.48,14.2,420.0,62.0,204.0,0.59,9.4,0,14.8,0,0,0,0,0,0,0,0,0,1,0,0,1
33,714,0.26,2.7,380.0,39.0,187.0,0.5,10.8,0,12.0,0,0,0,0,0,0,0,0,0,1,0,0,1
34,722,0.34,1.6,320.0,23.0,128.0,0.47,11.7,0,13.8,0,0,0,0,0,0,0,0,0,1,0,0,1
35,759,0.4,1.2,470.0,54.0,134.0,0.97,9.8,0,14.2,0,1,0,0,0,0,0,0,0,0,0,0,1
36,836,0.36,2.1,340.0,30.0,177.0,0.4,11.9,0,14.6,1,0,0,0,0,0,0,0,0,0,0,0,1
37,844,0.29,1.6,340.0,29.0,118.0,0.5,11.0,0,14.6,1,0,0,0,0,0,0,0,0,0,0,0,1
38,881,0.44,1.9,400.0,9.0,121.0,0.48,9.9,0,17.6,0,0,0,0,0,0,0,0,0,1,0,0,1
39,920,0.32,4.6,570.0,59.0,144.0,0.44,9.4,0,14.0,0,1,0,0,0,0,0,0,0,0,0,0,1
40,988,0.33,1.6,430.0,63.0,149.0,0.52,10.8,0,13.8,0,1,0,0,0,0,0,0,0,0,0,0,1
41,996,0.34,1.3,460.0,6.0,29.0,0.63,10.4,0,12.0,1,0,0,0,0,0,0,0,0,0,0,0,1
42,1009,0.39,1.3,550.0,32.0,146.0,0.39,10.5,0,16.6,0,1,0,0,0,0,0,0,0,0,0,0,1
43,1015,0.22,2.8,360.00000000000006,19.0,113.0,0.29,10.2,0,15.2,0,0,0,0,0,0,0,0,0,1,0,0,1
44,1016,0.47,11.2,709.9999999999999,44.0,136.0,0.88,9.2,0,13.6,0,0,0,0,0,0,0,0,0,1,0,0,1
45,1031,0.29,7.6,470.0,45.0,232.0,0.62,10.0,0,12.4,0,0,0,0,0,0,0,0,0,1,0,0,1
46,1063,0.26,4.1,730.0,36.0,202.0,0.67,9.5,0,13.4,1,0,0,0,0,0,0,0,0,0,0,0,1
47,1067,0.34,2.6,370.00000000000006,33.0,125.0,0.49,11.1,0,15.0,0,1,0,0,0,0,0,0,0,0,0,0,1
48,1071,0.38,14.8,540.0000000000001,32.0,126.0,0.5,9.7,0,16.6,1,0,0,0,0,0,0,0,0,0,0,0,1
49,1080,0.33,4.7,590.0,31.0,118.0,0.39,9.0,0,13.6,0,1,0,0,0,0,0,0,0,0,0,0,1
50,1085,0.69,10.2,410.0,58.0,160.0,0.45,8.6,0,14.6,0,0,0,0,0,0,0,0,0,1,0,0,1
51,1117,0.34,8.3,370.00000000000006,33.0,216.0,0.64,9.7,0,16.2,0,0,0,0,1,0,0,0,0,0,0,0,1
52,1146,0.32,1.1,310.0,15.0,151.0,0.41,10.6,0,18.2,1,0,0,0,0,0,0,0,0,0,0,0,1
53,1154,0.3,4.8,370.00000000000006,37.0,171.0,0.44,9.0,0,15.8,0,1,0,0,0,0,0,0,0,0,0,0,1
54,1156,0.29,16.85,540.0000000000001,23.0,135.0,0.38,9.0,0,15.6,0,0,0,0,0,0,0,0,0,1,0,0,1
55,1182,0.33,2.0,450.0,31.0,101.0,0.55,11.4,0,14.8,1,0,0,0,0,0,0,0,0,0,0,0,1
56,1206,0.46,15.55,370.00000000000006,61.0,171.0,0.35,8.8,0,14.0,1,0,0,0,0,0,0,0,0,0,0,0,1
57,1213,0.16,1.5,490.0,10.0,97.0,0.44,10.7,0,10.0,0,0,0,0,0,0,0,0,0,1,0,0,1
58,1229,0.42,1.15,330.0,18.0,96.0,0.32,12.4,0,16.6,0,0,0,0,0,0,0,0,0,1,0,0,1
59,1231,0.37,4.5,300.0,40.0,114.0,0.54,12.4,0,15.8,0,0,0,0,1,0,0,0,0,0,0,0,1
60,1259,0.38,6.8,360.00000000000006,64.0,245.0,0.36,9.3,0,12.4,1,0,0,0,0,0,0,0,0,0,0,0,1
61,1327,0.33,1.5,470.0,44.0,167.0,0.44,10.5,0,13.6,1,0,0,0,0,0,0,0,0,0,0,0,1
62,1341,0.23,2.0,290.0,13.0,151.0,0.33,10.4,0,15.2,0,0,0,0,0,0,0,1,0,0,0,0,1
63,1375,0.32,1.7,320.0,30.0,130.0,0.41,11.2,0,12.4,0,0,0,0,0,0,0,0,0,1,0,0,1
64,1402,0.29,5.4,440.00000000000006,31.0,122.0,0.5,11.1,0,14.8,0,0,0,0,1,0,0,0,0,0,0,0,1
65,1416,0.26,1.3,450.0,16.0,128.0,0.6,10.0,0,13.2,1,0,0,0,0,0,0,0,0,0,0,0,1
66,1435,0.24,14.2,530.0,19.0,94.0,0.5,9.6,0,13.8,1,0,0,0,0,0,0,0,0,0,0,0,1
67,1438,0.49,7.1,500.0,67.0,210.0,0.34,9.5,0,12.6,1,0,0,0,0,0,0,0,0,0,0,0,1
68,1442,0.49,1.2,610.0,27.0,117.0,0.34,9.4,0,16.0,1,0,0,0,0,0,0,0,0,0,0,0,1
69,1445,0.74,4.45,440.00000000000006,33.0,130.0,0.42,12.2,0,16.6,1,0,0,0,0,0,0,0,0,0,0,0,1
70,1461,0.49,5.4,480.0,54.0,164.0,0.44,10.8,0,12.8,0,1,0,0,0,0,0,0,0,0,0,0,1
71,1467,0.49,3.0,300.0,30.0,96.0,0.39,12.3,0,14.2,1,0,0,0,0,0,0,0,0,0,0,0,1
72,1474,0.24,3.6,570.0,13.0,85.0,0.48,9.5,0,13.8,1,0,0,0,0,0,0,0,0,0,0,0,1
73,1621,0.49,1.6,500.0,17.0,131.0,0.34,9.4,0,17.8,0,0,0,0,0,0,0,0,0,1,0,0,1
74,1624,0.49,1.0,390.0,46.0,131.0,0.51,10.5,0,18.0,0,1,0,0,0,0,0,0,0,0,0,0,1
75,1630,0.24,1.8,530.0,6.0,121.0,0.7,11.4,0,13.8,1,0,0,0,0,0,0,0,0,0,0,0,1
76,1652,0.49,1.0,440.00000000000006,29.0,118.0,0.36,10.9,0,16.4,1,0,0,0,0,0,0,0,0,0,0,0,1
77,1655,0.49,1.3,460.0,27.0,142.0,0.59,10.2,0,15.6,1,0,0,0,0,0,0,0,0,0,0,0,1
78,1659,0.49,7.7,490.0,53.0,217.0,0.4,9.3,0,13.2,0,0,0,0,0,0,0,0,0,1,0,0,1
79,1662,0.49,1.4,470.0,30.0,114.0,0.42,10.8,0,13.4,1,0,0,0,0,0,0,0,0,0,0,0,1
80,1664,0.46,15.4,590.0,32.0,177.0,0.58,9.0,0,16.2,1,0,0,0,0,0,0,0,0,0,0,0,1
81,1667,0.34,5.9,550.0,33.0,128.0,0.51,11.8,0,17.6,0,0,0,0,0,0,0,0,0,1,0,0,1
82,1678,0.2,6.6,450.0,42.0,170.0,0.45,10.4,0,12.4,0,0,0,0,0,0,0,0,0,1,0,0,1
83,1682,0.28,14.4,550.0,55.0,205.0,0.38,9.0,0,14.4,1,0,0,0,0,0,0,0,0,0,0,0,1
84,1688,0.26,1.55,410.0,118.5,216.0,0.63,9.4,0,13.4,1,0,0,0,0,0,0,0,0,0,0,0,1
85,1692,0.3,4.2,400.0,41.0,213.0,0.49,11.8,0,14.0,1,0,0,0,0,0,0,0,0,0,0,0,1
86,1698,0.3,4.2,400.0,41.0,213.0,0.49,11.8,0,14.0,1,0,0,0,0,0,0,0,0,0,0,0,1
87,1700,0.3,1.8,430.0,25.0,121.0,0.61,10.2,0,13.4,1,0,0,0,0,0,0,0,0,0,0,0,1
88,1701,0.36,11.1,330.0,43.0,208.0,0.46,10.3,0,15.8,1,0,0,0,0,0,0,0,0,0,0,0,1
89,1715,0.34,1.6,400.0,43.0,148.0,0.59,11.5,0,13.0,0,1,0,0,0,0,0,0,0,0,0,0,1
90,1716,0.31,6.0,460.0,29.0,108.0,0.5,10.8,0,14.0,1,0,0,0,0,0,0,0,0,0,0,0,1
91,1718,0.33,1.7,500.0,28.0,178.0,0.43,9.0,0,18.6,1,0,0,0,0,0,0,0,0,0,0,0,1
92,1721,0.48,2.7,520.0,24.0,190.0,0.45,10.9,0,16.4,0,1,0,0,0,0,0,0,0,0,0,0,1
93,1727,0.44,14.5,450.0,68.0,212.0,0.36,10.0,0,15.2,0,0,0,0,1,0,0,0,0,0,0,0,1
94,1730,0.3,1.1,310.0,40.0,99.0,0.3,10.4,0,18.4,1,0,0,0,0,0,0,0,0,0,0,0,1
95,1737,0.3,9.6,570.0,50.0,185.0,0.38,9.6,0,13.8,0,1,0,0,0,0,0,0,0,0,0,0,1
96,1746,0.29,4.8,500.0,33.0,87.0,0.42,9.9,0,15.0,1,0,0,0,0,0,0,0,0,0,0,0,1
97,1751,0.28,2.5,460.0,40.0,153.0,0.51,11.4,0,13.4,0,1,0,0,0,0,0,0,0,0,0,0,1
98,1763,0.3,10.9,370.00000000000006,18.0,112.0,0.5,9.6,0,14.6,1,0,0,0,0,0,0,0,0,0,0,0,1
99,1767,0.22,1.7,510.0,50.0,179.0,0.69,8.9,0,14.8,0,0,0,0,0,0,0,0,0,1,0,0,1
100,1769,0.28,4.5,460.0,33.0,102.0,0.56,12.2,0,15.4,0,0,0,0,1,0,0,0,0,0,0,0,1
101,1776,0.35,14.0,690.0000000000001,42.0,163.0,0.47,9.8,0,13.2,1,0,0,0,0,0,0,0,0,0,0,0,1
102,1778,0.36,1.8,340.0,43.0,150.0,0.69,11.0,0,12.8,0,1,0,0,0,0,0,0,0,0,0,0,1
103,1785,0.26,9.25,340.0,73.0,142.0,0.37,11.4,0,17.0,1,0,0,0,0,0,0,0,0,0,0,0,1
104,1797,0.27,9.05,390.0,37.0,128.0,0.34,11.3,0,13.8,1,0,0,0,0,0,0,0,0,0,0,0,1
105,1799,0.21,7.1,400.0,35.0,162.0,0.58,9.9,0,12.8,1,0,0,0,0,0,0,0,0,0,0,0,1
106,1804,0.22,10.2,490.0,57.0,191.0,0.4,9.3,0,15.2,0,0,0,0,0,0,0,0,0,1,0,0,1
107,1810,0.21,1.5,490.0,39.0,184.0,0.41,9.9,0,13.2,0,0,0,0,0,0,0,0,0,1,0,0,1
108,1828,0.23,6.3,510.0,35.0,240.0,0.54,10.0,0,14.6,0,1,0,0,0,0,0,0,0,0,0,0,1
109,1831,0.24,15.1,300.0,34.0,153.0,0.51,12.0,0,14.8,0,0,0,0,1,0,0,0,0,0,0,0,1
110,1840,0.33,1.0,540.0000000000001,24.0,164.0,0.51,10.5,0,13.8,0,1,0,0,0,0,0,0,0,0,0,0,1
111,1845,0.2,11.5,490.0,44.0,157.0,0.44,9.0,0,14.8,0,0,0,0,1,0,0,0,0,0,0,0,1
112,1856,0.42,1.6,559.9999999999999,34.0,181.0,0.46,10.0,0,20.0,0,0,0,0,0,0,0,0,0,0,1,0,1
113,1863,0.3,7.8,490.0,57.0,202.0,0.39,9.5,0,13.2,1,0,0,0,0,0,0,0,0,0,0,0,1
114,1888,0.4,17.85,490.0,50.0,185.0,0.42,9.6,0,14.4,1,0,0,0,0,0,0,0,0,0,0,0,1
115,1890,0.42,14.3,450.0,45.0,213.0,0.63,9.2,0,15.4,0,0,0,0,0,0,0,0,0,1,0,0,1
116,1895,0.33,10.3,390.0,73.0,212.0,0.49,9.5,0,15.8,1,0,0,0,0,0,0,0,0,0,0,0,1
117,1904,0.33,10.3,390.0,73.0,212.0,0.49,9.5,0,15.8,1,0,0,0,0,0,0,0,0,0,0,0,1
118,1908,0.36,5.7,380.0,26.0,98.0,0.59,12.5,0,14.4,0,0,0,0,0,0,0,0,0,1,0,0,1
119,1913,0.3,2.1,490.0,21.0,153.0,0.5,9.6,0,16.6,1,0,0,0,0,0,0,0,0,0,0,0,1
120,1917,0.26,1.3,410.0,20.0,71.0,0.74,9.9,0,14.2,0,1,0,0,0,0,0,0,0,0,0,0,1
121,1921,0.34,9.3,620.0,40.0,126.0,0.39,9.6,0,15.2,0,1,0,0,0,0,0,0,0,0,0,0,1
122,1923,0.27,1.7,279.99999999999994,10.0,59.0,0.48,10.4,0,16.4,0,0,0,0,0,0,0,0,0,1,0,0,1
123,1934,0.36,1.6,400.0,25.0,87.0,0.66,10.3,0,13.6,1,0,0,0,0,0,0,0,0,0,0,0,1
124,1937,0.27,4.6,800.0,34.0,172.0,0.39,11.1,0,14.6,0,1,0,0,0,0,0,0,0,0,0,0,1
125,1938,0.35,1.2,310.0,27.0,84.0,0.34,9.9,0,14.4,0,1,0,0,0,0,0,0,0,0,0,0,1
126,1939,0.32,7.6,520.0,35.0,143.0,0.38,9.0,0,13.6,0,0,0,0,0,0,0,0,0,1,0,0,1
127,1945,0.3,7.8,490.0,39.0,152.0,0.58,10.0,0,16.2,1,0,0,0,0,0,0,0,0,0,0,0,1
128,1947,0.42,1.1,510.0,61.0,197.0,0.4,9.0,0,11.4,0,0,0,0,1,0,0,0,0,0,0,0,1
129,1948,0.31,1.4,460.0,37.0,135.0,0.57,10.2,0,14.4,0,1,0,0,0,0,0,0,0,0,0,0,1
130,1951,0.46,1.4,460.0,34.0,185.0,0.49,10.2,0,19.8,0,0,0,0,0,0,0,0,1,0,0,0,1
131,1953,0.38,4.3,440.00000000000006,49.0,172.0,0.74,10.8,0,16.2,1,0,0,0,0,0,0,0,0,0,0,0,1
132,1954,0.13,17.2,360.00000000000006,49.0,219.0,0.46,9.7,0,16.0,1,0,0,0,0,0,0,0,0,0,0,0,1
133,1959,0.31,1.0,240.0,13.0,91.0,0.37,10.1,0,17.0,0,1,0,0,0,0,0,0,0,0,0,0,1
134,1964,0.42,6.9,460.0,50.0,173.0,0.46,9.0,0,13.6,0,0,0,0,0,0,0,0,0,1,0,0,1
135,1971,0.3,3.2,300.0,49.0,164.0,0.79,11.7,0,12.6,0,0,0,0,1,0,0,0,0,0,0,0,1
136,1979,0.5,12.8,420.0,57.0,184.0,0.46,9.0,0,15.0,0,0,0,0,0,0,0,0,0,1,0,0,1
137,1991,0.3,14.2,559.9999999999999,53.0,212.5,0.46,8.9,0,15.2,1,0,0,0,0,0,0,0,0,0,0,0,1
138,1994,0.33,14.6,430.0,47.0,168.0,0.67,8.8,0,14.0,1,0,0,0,0,0,0,0,0,0,0,0,1
139,1996,0.33,14.6,430.0,47.0,168.0,0.67,8.8,0,14.0,1,0,0,0,0,0,0,0,0,0,0,0,1
140,2014,0.3,8.1,260.0,14.0,71.0,0.36,11.8,0,18.0,0,0,0,0,0,0,0,1,0,0,0,0,1
141,2017,0.3,8.1,260.0,14.0,71.0,0.36,11.8,0,18.0,0,0,0,0,0,0,0,1,0,0,0,0,1
142,2039,0.35,0.6,420.0,11.0,71.0,0.38,10.6,0,17.4,1,0,0,0,0,0,0,0,0,0,0,0,1
143,2042,0.27,4.8,279.99999999999994,22.0,104.0,0.45,9.2,0,11.2,0,1,0,0,0,0,0,0,0,0,0,0,1
144,2046,0.43,9.2,460.0,22.0,126.0,0.47,9.3,0,16.6,0,0,0,0,0,0,0,0,0,1,0,0,1
145,2047,0.44,6.6,520.0,28.0,156.0,0.41,9.6,0,13.6,0,0,0,0,0,0,0,0,0,1,0,0,1
146,2051,0.27,18.15,420.0,41.0,146.0,0.36,8.7,0,13.6,1,0,0,0,0,0,0,0,0,0,0,0,1
147,2057,0.31,4.9,310.0,20.0,151.0,0.82,12.0,0,13.4,0,0,0,0,0,0,0,0,0,1,0,0,1
148,2061,0.33,1.8,360.00000000000006,23.0,96.0,0.4,10.8,0,13.4,1,0,0,0,0,0,0,0,0,0,0,0,1
149,2069,0.25,1.6,300.0,25.0,126.0,0.34,12.1,0,14.2,0,0,0,0,0,0,0,0,0,1,0,0,1
150,2070,0.3,1.3,570.0,25.0,173.0,0.51,9.1,0,14.6,0,0,0,0,0,0,0,0,0,1,0,0,1
151,2071,0.26,5.2,400.0,31.0,140.0,0.68,9.5,0,13.0,0,1,0,0,0,0,0,0,0,0,0,0,1
152,2072,0.27,5.6,430.0,43.0,164.0,0.76,9.5,0,13.2,1,0,0,0,0,0,0,0,0,0,0,0,1
153,2090,0.19,8.0,440.00000000000006,51.0,172.0,0.44,9.2,0,14.4,1,0,0,0,0,0,0,0,0,0,0,0,1
154,2091,0.19,7.7,450.0,53.0,176.0,0.38,9.5,0,14.4,1,0,0,0,0,0,0,0,0,0,0,0,1
155,2095,0.4,8.9,480.0,33.0,146.0,0.46,9.3,0,16.8,1,0,0,0,0,0,0,0,0,0,0,0,1
156,2109,0.31,10.7,380.0,59.0,186.0,0.55,9.5,0,15.4,1,0,0,0,0,0,0,0,0,0,0,0,1
157,2112,0.25,17.1,500.0,44.0,138.0,0.37,8.8,0,13.0,1,0,0,0,0,0,0,0,0,0,0,0,1
158,2118,0.32,3.1,410.0,18.0,126.0,0.42,12.0,0,12.8,1,0,0,0,0,0,0,0,0,0,0,0,1
159,2121,0.28,4.9,350.00000000000006,36.0,109.0,0.58,12.2,0,15.4,0,0,0,0,0,0,0,0,0,1,0,0,1
160,2133,0.27,2.1,300.0,22.0,162.0,0.68,11.9,0,16.6,1,0,0,0,0,0,0,0,0,0,0,0,1
161,2137,0.26,7.1,540.0000000000001,41.0,224.0,0.55,10.1,0,14.4,0,1,0,0,0,0,0,0,0,0,0,0,1
162,2142,0.52,13.2,470.0,64.0,179.0,0.46,9.0,0,15.0,1,0,0,0,0,0,0,0,0,0,0,0,1
163,2143,0.32,2.7,370.00000000000006,18.0,89.0,0.74,11.5,0,13.0,0,1,0,0,0,0,0,0,0,0,0,0,1
164,2145,0.31,10.0,540.0000000000001,49.0,165.0,0.42,9.9,0,14.4,1,0,0,0,0,0,0,0,0,0,0,0,1
165,2151,0.35,15.3,559.9999999999999,31.0,117.0,0.5,9.6,0,15.4,1,0,0,0,0,0,0,0,0,0,0,0,1
166,2152,0.33,2.1,520.0,15.0,76.0,0.41,10.6,0,14.0,1,0,0,0,0,0,0,0,0,0,0,0,1
167,2153,0.39,1.9,540.0000000000001,23.0,91.0,0.45,10.3,0,15.0,0,1,0,0,0,0,0,0,0,0,0,0,1
168,2154,0.45,8.6,520.0,34.0,187.0,0.59,10.2,0,19.6,0,0,0,0,0,0,0,0,0,0,1,0,1
169,2164,0.28,18.8,279.99999999999994,55.0,130.0,0.35,11.6,0,16.8,1,0,0,0,0,0,0,0,0,0,0,0,1
170,2171,0.3,12.8,530.0,48.5,229.0,0.49,9.1,0,14.8,0,1,0,0,0,0,0,0,0,0,0,0,1
171,2181,0.25,3.8,440.00000000000006,30.0,114.0,0.4,11.0,0,14.8,1,0,0,0,0,0,0,0,0,0,0,0,1
172,2183,0.24,6.6,400.0,38.0,141.0,0.47,9.5,0,12.6,0,0,0,0,0,0,0,0,0,1,0,0,1
173,2191,0.35,10.7,370.00000000000006,34.0,145.0,0.32,9.7,0,18.4,1,0,0,0,0,0,0,0,0,0,0,0,1
174,2196,0.26,1.1,370.00000000000006,20.0,71.0,0.38,11.7,0,14.0,1,0,0,0,0,0,0,0,0,0,0,0,1
175,2212,0.35,1.5,390.0,24.0,125.0,0.64,12.2,0,14.0,0,0,0,0,0,0,0,0,0,1,0,0,1
176,2213,0.29,1.4,470.0,23.0,107.0,0.65,10.4,0,14.8,0,1,0,0,0,0,0,0,0,0,0,0,1
177,2221,0.34,13.8,410.0,32.0,161.0,0.4,9.9,0,17.0,1,0,0,0,0,0,0,0,0,0,0,0,1
178,2224,0.28,10.8,510.0,25.0,157.0,0.47,11.4,0,16.0,0,0,0,0,1,0,0,0,0,0,0,0,1
179,2231,0.35,9.2,340.0,42.0,150.0,0.36,11.5,0,13.8,1,0,0,0,0,0,0,0,0,0,0,0,1
180,2232,0.31,2.8,540.0000000000001,16.0,89.0,0.45,9.5,0,16.8,1,0,0,0,0,0,0,0,0,0,0,0,1
181,2233,0.35,1.6,490.0,10.0,164.0,0.51,9.7,0,13.0,0,0,0,0,0,0,0,0,0,1,0,0,1
182,2235,0.42,8.5,480.0,10.0,147.0,0.46,9.5,0,13.8,0,0,0,0,1,0,0,0,0,0,0,0,1
183,2240,0.18,8.2,420.0,41.0,180.0,0.49,9.1,0,14.4,1,0,0,0,0,0,0,0,0,0,0,0,1
184,2241,0.19,7.8,400.0,48.0,184.0,0.5,9.4,0,14.2,1,0,0,0,0,0,0,0,0,0,0,0,1
185,2246,0.2,14.9,600.0,37.0,162.0,0.45,9.0,0,12.8,0,0,0,0,0,0,0,0,0,1,0,0,1
186,2248,0.29,1.7,470.0,16.0,100.0,0.45,10.6,0,14.8,1,0,0,0,0,0,0,0,0,0,0,0,1
187,2249,0.18,7.7,480.0,45.0,186.0,0.47,9.0,0,12.6,1,0,0,0,0,0,0,0,0,0,0,0,1
188,2250,0.54,17.3,600.0,46.0,235.0,0.61,8.8,0,18.4,0,0,0,0,0,0,0,0,0,1,0,0,1
189,2256,0.35,1.4,390.0,24.0,128.0,0.68,10.4,0,14.2,0,1,0,0,0,0,0,0,0,0,0,0,1
190,2259,0.54,1.4,1570.0,34.0,132.0,0.53,9.0,0,14.4,0,0,0,0,0,0,0,0,0,1,0,0,1
191,2265,0.21,15.7,559.9999999999999,49.0,159.0,0.48,9.0,0,13.8,0,0,0,0,0,0,0,0,0,1,0,0,1
192,2277,0.3,1.3,330.0,25.0,91.0,0.39,10.6,0,14.8,0,1,0,0,0,0,0,0,0,0,0,0,1
193,2279,0.52,1.3,1480.0000000000002,45.0,149.0,0.56,8.7,0,14.2,0,0,0,0,1,0,0,0,0,0,0,0,1
194,2280,0.25,1.3,470.0,20.0,77.0,0.54,10.2,0,12.8,0,1,0,0,0,0,0,0,0,0,0,0,1
195,2281,0.22,1.3,460.0,18.0,66.0,0.55,10.3,0,12.6,0,1,0,0,0,0,0,0,0,0,0,0,1
196,2282,0.26,15.6,490.0,67.0,210.0,0.68,9.5,0,14.8,0,0,0,0,0,0,0,0,0,1,0,0,1
197,2285,0.26,15.6,490.0,67.0,210.0,0.68,9.5,0,14.8,0,0,0,0,0,0,0,0,0,1,0,0,1
198,2289,0.28,6.5,370.00000000000006,26.0,97.0,0.58,12.6,0,14.6,0,0,0,0,1,0,0,0,0,0,0,0,1
199,2291,0.28,2.7,470.0,38.0,150.0,0.56,10.8,0,17.2,0,1,0,0,0,0,0,0,0,0,0,0,1
200,2297,0.42,10.6,420.0,66.0,202.0,0.53,9.5,0,13.0,1,0,0,0,0,0,0,0,0,0,0,0,1
201,2298,0.18,3.5,270.00000000000006,23.0,109.0,0.54,12.8,0,12.6,0,0,0,0,1,0,0,0,0,0,0,0,1
202,2300,0.33,2.3,430.0,28.0,125.0,0.44,12.6,0,14.6,0,0,0,0,0,0,0,0,0,1,0,0,1
203,2304,0.2,1.4,600.0,15.0,168.0,0.4,9.4,0,15.0,0,0,0,0,1,0,0,0,0,0,0,0,1
204,2305,0.3,5.0,400.0,40.0,143.0,0.42,12.2,0,14.0,0,0,0,0,0,0,0,0,0,1,0,0,1
205,2310,0.55,14.6,530.0,34.0,159.0,0.44,9.2,0,13.6,1,0,0,0,0,0,0,0,0,0,0,0,1
206,2317,0.62,10.6,450.0,51.0,153.0,0.44,8.8,0,15.0,1,0,0,0,0,0,0,0,0,0,0,0,1
207,2337,0.35,9.8,670.0,61.0,180.0,0.57,9.0,0,13.0,1,0,0,0,0,0,0,0,0,0,0,0,1
208,2350,0.22,13.3,480.0,46.0,212.0,0.59,10.0,0,15.8,0,0,0,0,0,0,0,0,0,1,0,0,1
209,2362,0.29,1.7,350.00000000000006,39.0,144.0,0.5,10.5,0,13.0,0,1,0,0,0,0,0,0,0,0,0,0,1
210,2363,0.26,12.6,530.0,44.0,182.0,0.42,9.7,0,13.4,1,0,0,0,0,0,0,0,0,0,0,0,1
211,2371,0.73,7.2,990.0,47.0,202.0,0.43,9.2,0,12.4,0,0,0,0,1,0,0,0,0,0,0,0,1
212,2372,0.18,3.0,360.00000000000006,5.0,85.0,0.4,11.5,0,12.0,0,0,0,0,0,0,0,0,0,1,0,0,1
213,2392,0.34,1.5,910.0,42.0,135.0,0.49,9.6,0,12.8,0,1,0,0,0,0,0,0,0,0,0,0,1
214,2396,0.25,17.75,470.0,25.0,218.0,0.66,9.1,0,16.8,0,0,0,0,0,0,0,0,0,1,0,0,1
215,2400,0.42,2.0,470.0,16.0,104.0,0.66,10.0,0,18.4,0,1,0,0,0,0,0,0,0,0,0,0,1
216,2401,0.49,2.0,440.00000000000006,18.0,107.0,0.53,10.2,0,18.4,0,1,0,0,0,0,0,0,0,0,0,0,1
217,2402,0.28,8.2,380.0,72.0,202.0,0.56,10.0,0,16.0,1,0,0,0,0,0,0,0,0,0,0,0,1
218,2419,0.41,19.35,700.0000000000001,67.0,207.0,0.53,9.1,0,12.2,0,0,0,0,0,0,0,0,0,1,0,0,1
219,2422,0.18,7.7,960.0,28.0,210.0,0.72,9.2,0,12.4,0,0,0,0,1,0,0,0,0,0,0,0,1
220,2424,0.18,7.7,960.0,28.0,210.0,0.72,9.2,0,12.4,0,0,0,0,1,0,0,0,0,0,0,0,1
221,2430,0.17,8.3,420.0,61.0,195.0,0.46,9.4,0,12.8,1,0,0,0,0,0,0,0,0,0,0,0,1
222,2432,0.17,8.4,440.00000000000006,60.0,198.0,0.47,9.4,0,12.8,1,0,0,0,0,0,0,0,0,0,0,0,1
223,2434,0.27,17.5,450.0,48.0,253.0,0.56,9.1,0,16.6,1,0,0,0,0,0,0,0,0,0,0,0,1
224,2435,0.35,5.6,340.0,9.0,148.0,0.5,9.8,0,12.8,0,0,0,0,0,0,0,0,0,1,0,0,1
225,2445,0.34,2.6,510.0,40.5,210.0,0.61,10.0,0,13.2,0,0,0,0,0,0,0,0,0,1,0,0,1
226,2447,0.26,8.2,420.0,21.0,133.0,0.64,9.8,0,13.0,1,0,0,0,0,0,0,0,0,0,0,0,1
227,2451,0.15,10.0,370.00000000000006,38.0,157.0,0.52,9.4,0,13.2,0,0,0,0,0,0,0,1,0,0,0,0,1
228,2456,0.36,7.4,370.00000000000006,36.0,156.0,0.54,10.6,0,16.2,0,0,0,0,0,0,0,0,0,1,0,0,1
229,2472,0.23,10.3,320.0,12.0,97.0,0.4,10.7,0,17.6,1,0,0,0,0,0,0,0,0,0,0,0,1
230,2473,0.21,15.55,430.0,20.0,142.0,0.54,10.1,0,12.0,1,0,0,0,0,0,0,0,0,0,0,0,1
231,2491,0.24,5.3,750.0,49.0,201.0,0.43,9.5,0,12.0,1,0,0,0,0,0,0,0,0,0,0,0,1
232,2493,0.23,12.7,540.0000000000001,20.0,139.0,0.5,9.7,0,15.2,0,0,0,0,0,0,0,0,0,1,0,0,1
233,2497,0.36,18.1,460.0,32.0,133.0,0.48,8.8,0,13.6,1,0,0,0,0,0,0,0,0,0,0,0,1
234,2501,0.4,6.4,390.0,39.0,191.0,0.52,9.8,0,12.8,0,0,0,0,0,0,0,0,0,1,0,0,1
235,2507,0.31,5.2,320.0,36.0,140.0,0.47,12.3,0,14.2,0,0,0,0,0,0,0,0,0,1,0,0,1
236,2514,0.3,4.7,290.0,34.0,148.0,0.49,12.3,0,13.8,0,0,0,0,0,0,0,0,0,1,0,0,1
237,2517,0.29,11.3,340.0,61.0,224.0,0.56,9.5,0,14.6,0,0,0,0,0,0,0,1,0,0,0,0,1
238,2526,0.33,1.4,290.0,35.0,138.0,0.6,11.5,0,13.0,0,1,0,0,0,0,0,0,0,0,0,0,1
239,2534,0.3,1.7,430.0,19.0,95.0,0.46,10.7,0,13.6,1,0,0,0,0,0,0,0,0,0,0,0,1
240,2538,0.14,8.6,320.0,30.0,142.0,0.44,9.5,0,11.8,1,0,0,0,0,0,0,0,0,0,0,0,1
241,2540,0.34,12.1,300.0,34.0,177.0,0.47,10.6,0,18.0,1,0,0,0,0,0,0,0,0,0,0,0,1
242,2543,0.25,17.3,460.0,15.0,110.0,0.42,9.2,0,13.0,1,0,0,0,0,0,0,0,0,0,0,0,1
243,2547,0.14,4.8,520.0,27.0,128.0,0.48,9.4,0,12.4,0,0,0,0,0,0,0,0,0,1,0,0,1
244,2556,0.64,12.9,330.0,54.0,170.0,0.53,8.8,0,15.2,1,0,0,0,0,0,0,0,0,0,0,0,1
245,2565,0.16,14.9,480.0,59.0,240.0,0.45,8.9,0,14.6,0,0,0,0,0,0,0,0,0,1,0,0,1
246,2568,0.36,7.0,430.0,60.0,207.0,0.49,9.6,0,13.6,1,0,0,0,0,0,0,0,0,0,0,0,1
247,2569,0.24,8.6,340.0,25.0,135.0,0.59,10.3,0,13.2,1,0,0,0,0,0,0,0,0,0,0,0,1
248,2575,0.42,10.4,380.0,85.0,182.0,0.44,8.9,0,13.4,0,1,0,0,0,0,0,0,0,0,0,0,1
249,2576,0.4,10.0,390.0,74.0,227.0,0.5,9.4,0,13.0,1,0,0,0,0,0,0,0,0,0,0,0,1
250,2580,0.26,18.95,530.0,36.0,174.0,0.5,10.4,0,15.4,0,0,0,0,0,0,0,0,0,1,0,0,1
251,2581,0.3,12.8,620.0,19.0,171.0,0.52,9.0,0,13.6,0,1,0,0,0,0,0,0,0,0,0,0,1
252,2589,0.1,1.4,680.0,25.0,154.0,0.48,9.7,0,14.4,0,0,0,0,0,0,1,0,0,0,0,0,1
253,2608,0.32,8.2,240.0,53.0,209.0,0.46,10.8,0,15.0,1,0,0,0,0,0,0,0,0,0,0,0,1
254,2610,0.46,11.1,530.0,44.0,177.0,0.67,9.4,0,12.6,1,0,0,0,0,0,0,0,0,0,0,0,1
255,2616,0.41,14.2,390.0,47.0,129.0,0.72,10.3,0,13.0,0,1,0,0,0,0,0,0,0,0,0,0,1
256,2620,0.28,20.4,410.0,40.0,144.0,0.38,8.7,0,13.0,1,0,0,0,0,0,0,0,0,0,0,0,1
257,2621,0.52,10.1,500.0,29.0,140.0,0.4,9.4,0,13.2,0,0,0,0,0,0,0,0,0,1,0,0,1
258,2629,0.0,1.3,440.00000000000006,72.0,197.0,0.43,10.9,0,11.6,0,0,0,0,0,0,1,0,0,0,0,0,1
259,2646,0.36,1.2,460.0,9.0,71.0,0.68,10.9,0,11.4,0,1,0,0,0,0,0,0,0,0,0,0,1
260,2652,0.31,2.3,180.00000000000003,45.0,80.0,0.34,12.9,0,14.6,1,0,0,0,0,0,0,0,0,0,0,0,1
261,2654,0.22,5.95,810.0,76.0,303.0,0.57,9.4,0,13.8,0,0,0,0,1,0,0,0,0,0,0,0,1
262,2660,0.34,6.6,670.0,35.0,156.0,0.48,9.3,0,13.4,0,0,0,0,0,0,0,0,0,1,0,0,1
263,2664,0.34,6.6,300.0,36.0,91.0,0.45,12.5,0,12.4,1,0,0,0,0,0,0,0,0,0,0,0,1
264,2693,0.25,1.6,360.00000000000006,28.0,143.0,0.54,10.3,0,13.4,1,0,0,0,0,0,0,0,0,0,0,0,1
265,2698,0.32,1.2,240.0,20.0,166.0,0.54,9.8,0,13.8,0,0,0,0,0,0,0,0,0,1,0,0,1
266,2701,0.36,16.3,380.0,43.0,133.0,0.41,8.8,0,13.0,1,0,0,0,0,0,0,0,0,0,0,0,1
267,2710,0.34,13.7,440.00000000000006,66.0,184.0,0.75,8.9,0,15.6,1,0,0,0,0,0,0,0,0,0,0,0,1
268,2718,0.29,1.1,279.99999999999994,18.0,69.0,0.54,10.0,0,10.4,1,0,0,0,0,0,0,0,0,0,0,0,1
269,2719,0.31,6.5,290.0,53.0,160.0,0.38,10.9,0,15.0,0,1,0,0,0,0,0,0,0,0,0,0,1
270,2722,0.27,5.2,300.0,32.0,101.0,0.62,12.3,0,15.2,0,0,0,0,1,0,0,0,0,0,0,0,1
271,2725,0.32,16.4,450.0,62.0,153.0,0.42,10.5,0,13.8,1,0,0,0,0,0,0,0,0,0,0,0,1
272,2728,0.28,12.4,510.0,86.0,213.0,0.51,9.9,0,13.0,0,0,0,0,0,0,0,0,0,1,0,0,1
273,2732,0.34,2.6,490.0,13.0,135.0,0.51,10.0,0,15.8,0,0,0,0,0,0,0,1,0,0,0,0,1
274,2739,0.28,4.8,340.0,25.0,100.0,0.47,12.4,0,13.6,0,0,0,0,0,0,0,0,0,1,0,0,1
275,2740,0.19,12.3,480.0,54.0,145.0,0.42,9.3,0,12.6,1,0,0,0,0,0,0,0,0,0,0,0,1
276,2747,0.33,11.8,570.0,48.0,127.0,0.55,10.0,0,14.6,1,0,0,0,0,0,0,0,0,0,0,0,1
277,2750,0.34,1.8,450.0,96.0,170.0,0.9,11.8,0,11.6,0,1,0,0,0,0,0,0,0,0,0,0,1
278,2751,0.36,1.4,360.00000000000006,38.0,108.0,0.66,12.0,0,13.6,0,1,0,0,0,0,0,0,0,0,0,0,1
279,2752,0.3,6.6,250.0,15.0,138.0,0.46,12.6,0,14.2,0,0,0,0,1,0,0,0,0,0,0,0,1
280,2756,0.34,11.8,590.0,42.0,240.0,0.52,10.0,0,17.2,0,0,0,0,0,0,0,0,0,1,0,0,1
281,2759,0.35,5.8,550.0,25.0,144.0,0.54,10.2,0,15.4,0,1,0,0,0,0,0,0,0,0,0,0,1
282,2761,0.15,1.3,600.0,51.0,154.0,0.51,8.7,0,12.0,1,0,0,0,0,0,0,0,0,0,0,0,1
283,2763,0.34,1.2,480.0,4.0,119.0,0.34,12.1,0,15.4,0,0,0,0,0,0,0,0,0,1,0,0,1
284,2765,0.29,10.8,279.99999999999994,17.0,118.0,0.37,11.2,0,12.8,1,0,0,0,0,0,0,0,0,0,0,0,1
285,2777,0.36,1.9,430.0,24.0,111.0,0.54,11.3,0,15.2,1,0,0,0,0,0,0,0,0,0,0,0,1
286,2781,0.6,65.8,740.0000000000001,8.0,160.0,0.69,11.7,0,15.6,0,0,0,0,0,0,0,0,0,0,1,0,1
287,2787,0.25,20.2,830.0,35.0,157.0,0.5,9.1,0,12.8,1,0,0,0,0,0,0,0,0,0,0,0,1
288,2796,0.3,2.2,330.0,39.0,107.0,0.53,13.5,0,13.0,0,0,0,0,0,0,0,0,0,1,0,0,1
289,2797,0.53,10.1,530.0,37.0,151.0,0.4,9.4,0,13.6,0,0,0,0,0,0,0,0,0,1,0,0,1
290,2803,0.32,14.0,310.0,16.0,99.0,0.38,11.5,0,11.0,0,1,0,0,0,0,0,0,0,0,0,0,1
291,2805,0.26,1.6,400.0,36.0,123.0,0.44,10.8,0,14.6,1,0,0,0,0,0,0,0,0,0,0,0,1
292,2806,0.71,11.8,380.0,52.0,148.0,0.46,8.9,0,15.0,0,1,0,0,0,0,0,0,0,0,0,0,1
293,2807,0.72,9.6,390.0,53.0,151.0,0.46,8.9,0,15.0,0,1,0,0,0,0,0,0,0,0,0,0,1
294,2808,0.48,6.1,420.0,60.0,184.0,0.5,9.4,0,14.0,1,0,0,0,0,0,0,0,0,0,0,0,1
295,2809,0.31,2.7,490.0,25.0,153.0,0.73,12.2,0,11.6,0,0,0,0,0,0,0,0,0,1,0,0,1
296,2810,0.31,3.6,250.0,22.0,100.0,0.47,12.1,0,15.6,1,0,0,0,0,0,0,0,0,0,0,0,1
297,2818,0.47,10.6,520.0,69.0,148.0,0.34,9.3,0,12.0,0,1,0,0,0,0,0,0,0,0,0,0,1
298,2821,0.46,6.2,559.9999999999999,42.0,241.0,0.6,9.9,0,13.2,0,0,0,0,1,0,0,0,0,0,0,0,1
299,2830,0.34,11.6,500.0,59.0,140.0,0.4,10.8,0,13.2,1,0,0,0,0,0,0,0,0,0,0,0,1
300,2833,0.28,3.4,480.0,22.0,112.0,0.37,11.3,0,14.4,0,0,0,0,1,0,0,0,0,0,0,0,1
301,2839,0.29,0.9,340.0,34.0,89.0,0.36,11.1,0,11.6,1,0,0,0,0,0,0,0,0,0,0,0,1
302,2843,0.38,1.3,460.0,24.0,90.0,0.47,10.0,0,11.8,1,0,0,0,0,0,0,0,0,0,0,0,1
303,2849,0.37,10.0,1689.9999999999998,22.0,210.0,0.64,9.5,0,15.4,0,0,0,0,1,0,0,0,0,0,0,0,1
304,2852,0.39,1.0,410.0,37.0,154.0,0.43,11.9,0,15.8,1,0,0,0,0,0,0,0,0,0,0,0,1
305,2855,0.26,5.0,270.00000000000006,46.0,143.0,0.43,11.2,0,13.8,0,0,0,0,0,0,0,0,0,1,0,0,1
306,2856,0.58,1.25,340.0,29.0,129.0,0.6,12.0,0,11.2,0,1,0,0,0,0,0,0,0,0,0,0,1
307,2862,0.32,1.6,279.99999999999994,12.0,90.0,0.52,12.2,0,10.2,0,1,0,0,0,0,0,0,0,0,0,0,1
308,2864,0.39,1.0,279.99999999999994,40.0,101.0,0.59,10.6,0,10.6,0,1,0,0,0,0,0,0,0,0,0,0,1
309,2871,0.38,1.7,370.00000000000006,20.0,84.0,0.53,11.4,0,13.4,0,1,0,0,0,0,0,0,0,0,0,0,1
310,2873,0.32,1.6,450.0,38.0,95.0,0.94,12.4,0,11.6,1,0,0,0,0,0,0,0,0,0,0,0,1
311,2879,0.3,1.1,290.0,24.0,88.0,0.39,11.7,0,11.4,0,0,0,0,0,0,0,0,0,1,0,0,1
312,2889,0.36,11.1,320.0,21.0,132.0,0.39,13.0,0,16.8,0,0,0,0,0,0,0,0,0,1,0,0,1
313,2891,0.3,4.7,410.0,40.0,148.0,0.35,10.2,0,13.8,1,0,0,0,0,0,0,0,0,0,0,0,1
314,2894,0.36,1.4,440.00000000000006,22.0,68.0,0.5,11.7,0,12.8,0,1,0,0,0,0,0,0,0,0,0,0,1
315,2897,0.46,9.7,540.0000000000001,67.0,234.0,0.5,9.0,0,13.4,0,0,0,0,1,0,0,0,0,0,0,0,1
316,2898,0.28,0.8,320.0,25.0,78.0,0.38,11.1,0,17.2,0,1,0,0,0,0,0,0,0,0,0,0,1
317,2905,0.26,1.7,730.0,40.0,157.0,0.46,9.8,0,15.2,0,0,0,0,0,0,0,0,0,1,0,0,1
318,2907,0.25,1.1,350.00000000000006,26.0,81.0,0.52,11.4,0,11.4,1,0,0,0,0,0,0,0,0,0,0,0,1
319,2912,0.32,2.2,279.99999999999994,36.0,92.0,0.59,11.9,0,13.0,1,0,0,0,0,0,0,0,0,0,0,0,1
320,2913,0.3,1.2,460.0,49.0,199.0,0.38,9.3,0,15.4,0,1,0,0,0,0,0,0,0,0,0,0,1
321,2914,0.38,1.0,410.0,22.0,81.0,0.54,11.4,0,13.8,0,1,0,0,0,0,0,0,0,0,0,0,1
322,2915,0.38,1.0,410.0,22.0,81.0,0.54,11.4,0,13.8,0,1,0,0,0,0,0,0,0,0,0,0,1
323,2918,0.28,2.2,190.0,15.0,65.0,0.52,11.2,0,11.4,1,0,0,0,0,0,0,0,0,0,0,0,1
324,2920,0.4,11.9,320.0,13.0,92.0,0.46,10.8,0,14.8,1,0,0,0,0,0,0,0,0,0,0,0,1
325,2925,0.3,7.8,380.0,67.0,196.0,0.5,10.1,0,15.4,1,0,0,0,0,0,0,0,0,0,0,0,1
326,2930,0.4,1.3,410.0,81.0,147.0,0.95,11.6,0,11.2,1,0,0,0,0,0,0,0,0,0,0,0,1
327,2939,0.29,10.3,390.0,41.0,98.0,0.38,9.8,0,14.0,0,1,0,0,0,0,0,0,0,0,0,0,1
328,2941,0.3,8.7,220.00000000000003,14.0,111.0,0.61,10.6,0,14.4,0,0,0,0,0,0,0,0,0,1,0,0,1
329,2960,0.34,14.05,400.0,41.0,114.0,0.59,11.0,0,15.4,0,1,0,0,0,0,0,0,0,0,0,0,1
330,2962,0.38,13.1,1119.9999999999998,14.0,94.0,0.48,9.2,0,13.8,0,0,0,0,0,0,0,0,0,1,0,0,1
331,2976,0.39,9.6,260.0,34.0,124.0,0.35,12.1,0,13.6,0,0,0,0,0,0,0,0,0,1,0,0,1
332,2981,0.28,11.1,330.0,30.0,97.0,0.39,10.5,0,17.0,1,0,0,0,0,0,0,0,0,0,0,0,1
333,2984,0.3,10.55,370.00000000000006,4.0,28.0,0.32,12.7,0,13.8,0,0,0,0,0,0,0,0,0,1,0,0,1
334,2996,0.36,0.8,340.0,32.0,111.0,0.5,12.1,0,13.0,0,0,0,0,0,0,0,0,0,1,0,0,1
335,3001,0.27,10.9,380.0,29.0,130.0,0.44,10.5,0,13.2,1,0,0,0,0,0,0,0,0,0,0,0,1
336,3004,0.36,1.2,340.0,26.0,111.0,0.51,11.0,0,12.6,0,1,0,0,0,0,0,0,0,0,0,0,1
337,3006,0.32,1.1,360.00000000000006,74.0,184.0,0.41,11.0,0,12.4,0,1,0,0,0,0,0,0,0,0,0,0,1
338,3007,0.32,4.5,320.0,58.0,178.0,0.31,12.6,0,10.0,1,0,0,0,0,0,0,0,0,0,0,0,1
339,3015,0.3,8.25,200.0,14.0,104.0,0.44,11.4,0,14.4,0,0,0,0,0,0,0,0,0,1,0,0,1
340,3020,0.35,11.7,290.0,3.0,46.0,0.34,11.8,0,16.8,0,0,0,0,0,0,0,0,0,1,0,0,1
341,3021,0.29,4.6,460.0,6.0,88.0,0.48,10.6,0,13.6,1,0,0,0,0,0,0,0,0,0,0,0,1
342,3027,0.22,11.7,350.00000000000006,44.0,150.0,0.45,10.4,0,14.8,0,0,0,0,0,0,0,0,0,1,0,0,1
343,3029,0.29,14.8,240.0,22.0,142.0,0.48,12.0,0,14.2,0,0,0,0,1,0,0,0,0,0,0,0,1
344,3030,0.29,14.8,240.0,22.0,142.0,0.48,12.0,0,14.2,0,0,0,0,1,0,0,0,0,0,0,0,1
345,3036,0.34,3.5,540.0000000000001,26.0,189.0,0.58,10.4,0,13.6,1,0,0,0,0,0,0,0,0,0,0,0,1
346,3038,0.45,2.1,270.00000000000006,43.0,104.0,0.52,11.3,0,13.0,1,0,0,0,0,0,0,0,0,0,0,0,1
347,3039,0.29,12.2,440.00000000000006,59.0,196.0,0.4,8.8,0,12.6,1,0,0,0,0,0,0,0,0,0,0,0,1
348,3041,0.41,16.8,370.00000000000006,58.0,173.0,0.57,9.4,0,12.4,0,0,0,0,0,0,0,0,0,1,0,0,1
349,3043,1.0,1.1,1540.0,46.0,114.0,0.43,9.2,0,14.4,1,0,0,0,0,0,0,0,0,0,0,0,1
350,3052,0.66,10.2,430.0,78.0,175.0,0.43,10.4,0,11.2,1,0,0,0,0,0,0,0,0,0,0,0,1
351,3061,0.54,7.0,460.0,58.0,176.0,0.7,10.4,0,12.4,1,0,0,0,0,0,0,0,0,0,0,0,1
352,3069,0.43,6.1,290.0,6.0,76.0,0.5,12.5,0,14.0,0,0,0,0,0,0,0,1,0,0,0,0,1
353,3075,0.4,1.5,420.0,23.0,87.0,0.46,12.2,0,12.8,0,1,0,0,0,0,0,0,0,0,0,0,1
354,3079,0.34,4.9,320.0,9.0,125.0,0.81,12.0,0,13.2,0,0,0,0,0,0,0,0,0,1,0,0,1
355,3081,0.54,7.0,460.0,58.0,176.0,0.7,10.4,0,12.4,1,0,0,0,0,0,0,0,0,0,0,0,1
356,3085,0.4,9.9,360.00000000000006,24.0,88.0,0.42,10.5,0,17.0,1,0,0,0,0,0,0,0,0,0,0,0,1
357,3087,0.34,9.5,410.0,38.0,201.0,0.44,10.1,0,12.2,1,0,0,0,0,0,0,0,0,0,0,0,1
358,3088,0.37,1.5,240.0,12.0,76.0,0.39,12.3,0,12.6,0,0,0,0,0,0,0,0,0,1,0,0,1
359,3090,0.35,2.6,300.0,33.0,78.0,0.72,11.3,0,13.2,0,1,0,0,0,0,0,0,0,0,0,0,1
360,3092,0.52,3.2,430.0,28.0,152.0,0.53,11.4,0,15.2,1,0,0,0,0,0,0,0,0,0,0,0,1
361,3093,0.45,2.3,450.0,40.0,118.0,0.48,11.9,0,14.0,1,0,0,0,0,0,0,0,0,0,0,0,1
362,3095,0.49,4.9,320.0,3.0,18.0,0.54,10.0,0,19.4,1,0,0,0,0,0,0,0,0,0,0,0,1
363,3101,0.34,10.9,380.0,25.0,84.0,0.34,10.9,0,14.0,1,0,0,0,0,0,0,0,0,0,0,0,1
364,3103,0.45,2.3,450.0,40.0,118.0,0.48,11.9,0,14.0,1,0,0,0,0,0,0,0,0,0,0,0,1
365,3104,0.49,2.5,470.0,20.0,130.0,0.48,11.1,0,15.2,1,0,0,0,0,0,0,0,0,0,0,0,1
366,3109,0.36,4.5,540.0000000000001,31.0,203.0,0.57,10.4,0,13.8,0,0,0,0,0,0,0,0,0,1,0,0,1
367,3121,0.34,1.6,430.0,24.0,129.0,0.7,10.4,0,15.2,1,0,0,0,0,0,0,0,0,0,0,0,1
368,3123,0.22,5.5,370.00000000000006,10.0,86.0,0.44,12.2,0,11.0,0,1,0,0,0,0,0,0,0,0,0,0,1
369,3127,0.38,2.1,430.0,10.0,98.0,0.65,11.0,0,15.2,0,0,0,0,0,0,0,0,0,1,0,0,1
370,3129,0.38,1.5,390.0,37.0,122.0,0.43,12.0,0,12.2,1,0,0,0,0,0,0,0,0,0,0,0,1
371,3130,0.38,2.5,470.0,30.0,148.0,0.43,12.7,0,13.0,0,0,0,0,0,0,0,0,0,1,0,0,1
372,3136,0.27,0.9,400.0,52.0,103.0,0.39,11.2,0,11.2,0,1,0,0,0,0,0,0,0,0,0,0,1
373,3138,0.43,6.4,420.0,34.0,115.0,0.51,10.8,0,13.8,1,0,0,0,0,0,0,0,0,0,0,0,1
374,3140,0.39,11.9,570.0,51.0,221.0,0.51,8.9,0,13.2,0,0,0,0,0,0,0,0,0,1,0,0,1
375,3150,0.47,7.5,270.00000000000006,12.0,88.0,0.45,14.0,0,11.6,0,0,0,0,0,0,0,0,0,1,0,0,1
376,3151,0.36,17.2,390.0,37.0,130.0,0.43,8.8,0,12.4,1,0,0,0,0,0,0,0,0,0,0,0,1
377,3155,0.34,7.4,200.0,38.0,133.0,0.44,12.0,0,13.6,0,0,0,0,0,0,0,0,0,1,0,0,1
378,3158,0.37,4.8,190.0,39.0,114.0,0.49,12.7,0,14.2,0,0,0,0,0,0,0,0,0,1,0,0,1
379,3174,0.35,8.6,380.0,37.0,125.0,0.32,12.4,0,13.8,0,0,0,0,0,0,0,0,0,1,0,0,1
380,3184,0.41,1.0,400.0,17.0,76.0,0.56,11.4,0,12.4,0,1,0,0,0,0,0,0,0,0,0,0,1
381,3188,0.36,6.4,550.0,42.0,123.0,0.5,11.0,0,14.0,0,1,0,0,0,0,0,0,0,0,0,0,1
382,3193,0.33,1.0,380.0,23.0,131.0,0.45,9.8,0,11.0,0,1,0,0,0,0,0,0,0,0,0,0,1
383,3208,0.24,1.6,450.0,39.0,164.0,0.58,10.8,0,13.6,1,0,0,0,0,0,0,0,0,0,0,0,1
384,3214,0.2,1.7,330.0,17.0,74.0,0.48,12.3,0,10.4,0,0,0,0,0,0,0,0,0,1,0,0,1
385,3224,0.28,3.7,450.0,57.0,151.0,0.27,11.2,0,11.4,0,1,0,0,0,0,0,0,0,0,0,0,1
386,3226,0.3,2.5,460.0,38.0,125.0,0.5,9.9,0,11.4,1,0,0,0,0,0,0,0,0,0,0,0,1
387,3236,0.39,6.0,350.00000000000006,44.0,141.0,0.33,12.5,0,13.8,1,0,0,0,0,0,0,0,0,0,0,0,1
388,3243,0.24,3.3,340.0,29.0,99.0,0.4,12.3,0,13.2,0,0,0,0,0,0,0,0,0,1,0,0,1
389,3245,0.29,2.5,590.0,37.0,115.0,0.37,9.8,0,15.2,1,0,0,0,0,0,0,0,0,0,0,0,1
390,3248,0.37,4.5,390.0,41.0,147.0,0.4,11.1,0,12.8,1,0,0,0,0,0,0,0,0,0,0,0,1
391,3255,0.31,14.5,450.0,39.0,193.0,0.5,9.2,0,14.8,0,1,0,0,0,0,0,0,0,0,0,0,1
392,3256,0.31,14.5,450.0,39.0,193.0,0.5,9.2,0,14.8,0,1,0,0,0,0,0,0,0,0,0,0,1
393,3263,0.31,3.6,300.0,36.0,92.0,0.62,12.6,0,13.0,1,0,0,0,0,0,0,0,0,0,0,0,1
394,3266,0.32,10.5,300.0,34.0,105.0,0.42,11.8,0,16.2,1,0,0,0,0,0,0,0,0,0,0,0,1
395,3274,0.31,1.4,390.0,40.0,129.0,0.59,10.9,0,12.2,1,0,0,0,0,0,0,0,0,0,0,0,1
396,3275,0.02,0.9,430.0,32.0,99.0,0.47,9.8,0,13.0,0,0,0,0,1,0,0,0,0,0,0,0,1
397,3278,0.36,9.2,610.0,42.0,214.0,0.56,9.4,0,13.2,0,0,0,0,0,0,0,0,0,1,0,0,1
398,3280,0.29,1.8,440.00000000000006,21.0,115.0,0.38,10.2,0,12.8,0,1,0,0,0,0,0,0,0,0,0,0,1
399,3281,0.3,2.3,510.0,20.0,127.0,0.52,12.8,0,13.0,0,0,0,0,0,0,0,0,0,1,0,0,1
400,3284,0.25,6.4,350.00000000000006,38.0,103.0,0.23,12.2,0,16.0,0,0,0,0,0,0,0,0,0,1,0,0,1
401,3290,0.37,1.0,430.0,10.0,80.0,0.38,11.4,0,15.6,1,0,0,0,0,0,0,0,0,0,0,0,1
402,3298,0.35,2.3,390.0,43.0,109.0,0.44,11.8,0,12.6,1,0,0,0,0,0,0,0,0,0,0,0,1
403,3299,0.32,8.7,290.0,31.0,105.0,0.34,12.3,0,13.6,0,0,0,0,0,0,0,0,0,1,0,0,1
404,3306,0.3,1.9,330.0,41.0,142.0,0.42,12.8,0,12.0,0,0,0,0,0,0,0,0,0,1,0,0,1
405,3316,0.37,1.1,360.00000000000006,31.0,96.0,0.48,12.0,0,11.6,0,1,0,0,0,0,0,0,0,0,0,0,1
406,3343,0.28,13.55,480.0,51.0,189.0,0.6,9.5,0,13.8,0,0,0,0,0,0,0,0,0,1,0,0,1
407,3348,0.28,15.2,460.0,6.0,41.0,0.39,10.9,0,14.4,1,0,0,0,0,0,0,0,0,0,0,0,1
408,3351,0.28,1.1,340.0,47.0,90.0,0.38,12.6,0,12.0,1,0,0,0,0,0,0,0,0,0,0,0,1
409,3360,0.49,1.3,330.0,12.0,72.0,0.53,11.3,0,14.2,0,1,0,0,0,0,0,0,0,0,0,0,1
410,3369,0.28,10.6,390.0,32.0,117.0,0.55,11.5,0,14.0,1,0,0,0,0,0,0,0,0,0,0,0,1
411,3383,0.32,4.9,460.0,50.0,156.0,0.55,11.2,0,12.8,1,0,0,0,0,0,0,0,0,0,0,0,1
412,3398,0.32,7.8,520.0,52.0,183.0,0.65,9.5,0,12.2,0,0,0,0,0,0,0,0,0,1,0,0,1
413,3399,0.33,7.4,370.00000000000006,25.0,95.0,0.49,11.1,0,11.2,0,0,0,0,0,0,0,0,0,1,0,0,1
414,3407,0.32,7.8,520.0,52.0,183.0,0.65,9.5,0,12.2,0,0,0,0,0,0,0,0,0,1,0,0,1
415,3416,0.4,11.6,320.0,34.0,214.0,0.51,9.8,0,14.4,0,0,0,0,0,0,0,0,0,1,0,0,1
416,3419,0.3,2.1,310.0,50.0,163.0,0.43,12.7,0,12.2,0,0,0,0,0,0,0,0,0,1,0,0,1
417,3420,0.49,20.15,600.0,30.0,145.0,0.44,8.5,0,15.2,1,0,0,0,0,0,0,0,0,0,0,0,1
418,3427,0.26,10.05,390.0,63.0,162.0,0.5,11.2,0,11.6,1,0,0,0,0,0,0,0,0,0,0,0,1
419,3433,0.27,1.3,370.00000000000006,30.0,86.0,0.59,12.9,0,12.4,1,0,0,0,0,0,0,0,0,0,0,0,1
420,3435,0.28,1.1,340.0,26.0,83.0,0.33,12.3,0,13.0,1,0,0,0,0,0,0,0,0,0,0,0,1
421,3442,0.27,5.0,350.00000000000006,14.0,97.0,0.33,11.8,0,11.8,1,0,0,0,0,0,0,0,0,0,0,0,1
422,3449,0.32,6.0,330.0,59.0,128.0,0.71,12.1,0,13.2,0,1,0,0,0,0,0,0,0,0,0,0,1
423,3453,0.3,6.9,380.0,23.0,89.0,0.49,11.1,0,11.2,0,0,0,0,0,0,0,0,0,1,0,0,1
424,3465,0.34,1.9,400.0,41.0,108.0,0.45,12.9,0,13.6,0,1,0,0,0,0,0,0,0,0,0,0,1
425,3467,0.27,10.3,470.0,54.0,219.0,0.45,8.8,0,13.2,1,0,0,0,0,0,0,0,0,0,0,0,1
426,3468,0.36,1.1,310.0,27.0,93.0,0.34,13.2,0,13.2,0,1,0,0,0,0,0,0,0,0,0,0,1
427,3469,0.28,12.0,559.9999999999999,68.0,143.0,0.3,9.2,0,15.2,1,0,0,0,0,0,0,0,0,0,0,0,1
428,3474,0.19,1.1,640.0,36.0,191.0,0.5,9.5,0,13.0,1,0,0,0,0,0,0,0,0,0,0,0,1
429,3477,0.24,1.8,370.00000000000006,39.0,150.0,0.44,11.8,0,15.2,0,0,0,0,0,0,0,0,0,1,0,0,1
430,3479,0.28,4.7,390.0,34.0,94.0,0.57,13.1,0,11.8,0,0,0,0,0,0,0,0,0,1,0,0,1
431,3489,0.31,7.4,410.0,7.0,81.0,0.47,11.4,0,13.4,1,0,0,0,0,0,0,0,0,0,0,0,1
432,3491,0.44,1.0,570.0,24.0,111.0,0.32,11.2,0,16.0,1,0,0,0,0,0,0,0,0,0,0,0,1
433,3494,0.36,8.4,420.0,42.0,123.0,0.52,10.9,0,13.4,1,0,0,0,0,0,0,0,0,0,0,0,1
434,3499,0.3,3.0,360.00000000000006,30.0,124.0,0.4,13.1,0,12.2,0,0,0,0,0,0,0,0,0,1,0,0,1
435,3502,0.45,14.3,540.0000000000001,30.0,181.0,0.57,9.1,0,13.4,1,0,0,0,0,0,0,0,0,0,0,0,1
436,3504,0.34,1.4,290.0,29.0,133.0,0.64,11.5,0,13.0,0,1,0,0,0,0,0,0,0,0,0,0,1
437,3506,0.28,4.9,420.0,21.0,155.0,0.57,10.9,0,15.0,0,0,0,0,0,0,0,0,0,1,0,0,1
438,3507,0.28,2.4,360.00000000000006,35.0,115.0,0.44,13.5,0,14.2,0,0,0,0,0,0,0,0,0,1,0,0,1
439,3509,0.25,10.7,460.0,66.0,179.0,0.55,9.9,0,12.8,1,0,0,0,0,0,0,0,0,0,0,0,1
440,3510,0.24,11.0,410.0,75.0,167.0,0.56,10.5,0,14.0,1,0,0,0,0,0,0,0,0,0,0,0,1
441,3519,0.62,7.5,380.0,46.0,132.0,0.43,13.4,0,13.8,0,0,0,0,0,0,0,0,0,1,0,0,1
442,3524,0.27,6.3,279.99999999999994,40.0,132.0,0.4,11.6,0,10.6,0,0,0,0,0,0,0,0,0,1,0,0,1
443,3525,0.27,6.3,279.99999999999994,40.0,132.0,0.4,11.6,0,10.6,0,0,0,0,0,0,0,0,0,1,0,0,1
444,3527,0.29,8.6,530.0,65.0,146.0,0.32,9.8,0,15.2,1,0,0,0,0,0,0,0,0,0,0,0,1
445,3529,0.27,3.1,340.0,28.0,134.0,0.38,13.1,0,14.2,0,0,0,0,0,0,0,0,0,1,0,0,1
446,3532,0.46,6.4,360.00000000000006,17.0,85.0,0.78,11.7,0,14.4,1,0,0,0,0,0,0,0,0,0,0,0,1
447,3534,0.35,7.2,460.0,45.0,178.0,0.53,9.7,0,14.4,0,0,0,0,0,0,0,0,0,1,0,0,1
448,3539,0.31,1.2,310.0,27.0,80.0,0.33,12.7,0,14.4,1,0,0,0,0,0,0,0,0,0,0,0,1
449,3540,0.25,3.4,240.0,27.0,99.0,0.37,13.0,0,15.6,1,0,0,0,0,0,0,0,0,0,0,0,1
450,3544,0.2,1.8,310.0,49.0,159.0,0.53,11.0,0,12.0,0,0,0,0,0,0,0,0,0,1,0,0,1
451,3547,0.29,19.9,390.0,69.0,237.0,0.48,9.2,0,14.6,1,0,0,0,0,0,0,0,0,0,0,0,1
452,3551,0.22,16.65,440.00000000000006,39.0,110.0,0.48,9.0,0,11.4,1,0,0,0,0,0,0,0,0,0,0,0,1
453,3557,0.28,0.9,230.0,49.0,87.0,0.36,11.1,0,16.2,1,0,0,0,0,0,0,0,0,0,0,0,1
454,3566,0.28,4.2,290.0,7.0,112.0,0.41,12.6,0,15.2,0,0,0,0,0,0,0,0,0,1,0,0,1
455,3569,0.27,9.7,360.00000000000006,15.0,85.0,0.36,11.2,0,16.0,1,0,0,0,0,0,0,0,0,0,0,0,1
456,3572,0.28,4.2,290.0,7.0,112.0,0.41,12.6,0,15.2,0,0,0,0,0,0,0,0,0,1,0,0,1
457,3576,0.36,14.6,480.0,35.0,161.0,0.56,10.6,0,14.8,1,0,0,0,0,0,0,0,0,0,0,0,1
458,3587,0.71,17.5,420.0,21.0,114.0,0.5,9.5,0,13.6,0,1,0,0,0,0,0,0,0,0,0,0,1
459,3589,0.71,17.5,420.0,21.0,114.0,0.5,9.5,0,13.6,0,1,0,0,0,0,0,0,0,0,0,0,1
460,3593,0.28,4.2,440.00000000000006,52.0,158.0,0.44,10.7,0,11.2,1,0,0,0,0,0,0,0,0,0,0,0,1
461,3596,0.28,1.1,340.0,55.0,108.0,0.52,11.9,0,13.2,0,1,0,0,0,0,0,0,0,0,0,0,1
462,3598,0.24,1.4,330.0,65.0,169.0,0.56,12.3,0,11.6,1,0,0,0,0,0,0,0,0,0,0,0,1
463,3612,0.18,1.8,460.0,31.0,114.0,0.55,10.8,0,13.6,0,1,0,0,0,0,0,0,0,0,0,0,1
464,3615,0.3,1.2,370.00000000000006,11.0,95.0,0.36,12.5,0,14.4,1,0,0,0,0,0,0,0,0,0,0,0,1
465,3619,0.28,26.05,310.0,27.0,122.0,0.42,10.6,0,13.6,0,0,0,0,1,0,0,0,0,0,0,0,1
466,3620,0.26,4.7,400.0,108.0,168.0,0.75,10.7,0,12.6,1,0,0,0,0,0,0,0,0,0,0,0,1
467,3623,0.28,26.05,310.0,27.0,122.0,0.42,10.6,0,13.6,0,0,0,0,1,0,0,0,0,0,0,0,1
468,3626,0.33,0.9,410.0,20.0,117.0,0.5,11.4,0,14.0,1,0,0,0,0,0,0,0,0,0,0,0,1
469,3629,0.2,5.7,1180.0,61.0,172.0,0.43,9.5,0,12.8,0,0,0,0,0,0,0,0,0,1,0,0,1
470,3638,0.32,2.4,139.99999999999997,34.0,89.0,0.66,12.5,0,12.8,1,0,0,0,0,0,0,0,0,0,0,0,1
471,3643,0.33,4.9,470.0,42.0,130.0,0.56,11.0,0,13.6,0,1,0,0,0,0,0,0,0,0,0,0,1
472,3665,0.16,2.7,360.00000000000006,34.0,128.0,0.53,13.2,0,10.8,0,0,0,0,0,0,0,1,0,0,0,0,1
473,3668,0.26,11.0,300.0,2.0,82.0,0.36,11.2,0,13.0,1,0,0,0,0,0,0,0,0,0,0,0,1
474,3678,0.25,18.8,850.0000000000001,19.0,111.0,0.51,8.7,0,14.4,1,0,0,0,0,0,0,0,0,0,0,0,1
475,3679,0.27,9.6,370.00000000000006,19.0,105.0,0.37,10.5,0,14.2,1,0,0,0,0,0,0,0,0,0,0,0,1
476,3685,0.41,12.9,440.00000000000006,79.5,183.0,0.78,10.2,0,13.6,0,1,0,0,0,0,0,0,0,0,0,0,1
477,3686,0.37,1.6,869.9999999999999,27.0,177.0,0.5,9.8,0,15.2,0,0,0,0,0,0,0,0,0,1,0,0,1
478,3687,0.27,12.0,300.0,39.0,98.0,0.34,10.8,0,12.0,0,1,0,0,0,0,0,0,0,0,0,0,1
479,3688,0.35,2.5,400.0,41.0,186.0,0.56,12.5,0,14.2,1,0,0,0,0,0,0,0,0,0,0,0,1
480,3690,0.24,4.4,270.00000000000006,37.0,150.0,0.31,11.5,0,11.2,1,0,0,0,0,0,0,0,0,0,0,0,1
481,3698,0.34,1.2,360.00000000000006,32.0,96.0,0.74,11.6,0,12.6,1,0,0,0,0,0,0,0,0,0,0,0,1
482,3700,0.27,1.5,760.0,24.0,145.0,0.52,10.1,0,14.0,0,0,0,0,0,0,0,0,0,1,0,0,1
483,3713,0.23,10.4,490.0,45.0,190.0,0.51,8.8,0,13.2,1,0,0,0,0,0,0,0,0,0,0,0,1
484,3719,0.45,8.0,380.0,54.0,200.0,0.48,9.5,0,13.2,0,0,0,0,0,0,0,0,0,1,0,0,1
485,3727,0.28,6.9,360.00000000000006,46.0,150.0,0.44,10.8,0,11.4,1,0,0,0,0,0,0,0,0,0,0,0,1
486,3731,0.26,10.3,410.0,51.0,166.0,0.35,11.6,0,14.0,0,0,0,0,0,0,0,0,0,1,0,0,1
487,3738,0.18,1.4,340.0,18.0,135.0,0.35,10.2,0,11.2,1,0,0,0,0,0,0,0,0,0,0,0,1
488,3743,0.28,14.7,510.0,29.0,149.0,0.39,9.0,0,14.0,0,1,0,0,0,0,0,0,0,0,0,0,1
489,3746,0.28,1.8,400.0,45.0,121.0,0.4,11.9,0,14.8,1,0,0,0,0,0,0,0,0,0,0,0,1
490,3748,0.25,12.5,550.0,47.0,134.0,0.51,9.0,0,12.4,1,0,0,0,0,0,0,0,0,0,0,0,1
491,3755,0.32,7.4,150.0,47.0,124.0,0.39,11.0,0,15.6,0,1,0,0,0,0,0,0,0,0,0,0,1
492,3762,0.35,6.1,250.0,10.0,40.0,0.52,10.9,0,14.8,1,0,0,0,0,0,0,0,0,0,0,0,1
493,3764,0.15,2.1,260.0,29.0,130.0,0.77,13.4,0,10.8,0,0,0,0,1,0,0,0,0,0,0,0,1
494,3771,0.28,9.8,420.0,61.0,125.0,0.42,10.2,0,12.2,1,0,0,0,0,0,0,0,0,0,0,0,1
495,3777,0.28,6.1,180.00000000000003,41.0,103.0,0.32,12.2,0,13.0,0,0,0,0,0,0,0,0,0,1,0,0,1
496,3778,0.3,1.4,220.00000000000003,38.0,100.0,0.57,11.4,0,12.6,0,1,0,0,0,0,0,0,0,0,0,0,1
497,3782,0.3,9.2,180.00000000000003,23.0,96.0,0.29,11.0,0,15.2,1,0,0,0,0,0,0,0,0,0,0,0,1
498,3789,0.52,8.2,470.0,52.0,191.0,0.47,9.5,0,13.2,1,0,0,0,0,0,0,0,0,0,0,0,1
499,3791,0.5,8.0,510.0,46.0,197.0,0.47,9.5,0,13.0,1,0,0,0,0,0,0,0,0,0,0,0,1
500,3804,0.3,1.3,360.00000000000006,7.0,49.0,0.73,10.3,0,16.2,1,0,0,0,0,0,0,0,0,0,0,0,1
501,3806,0.21,10.7,980.0,13.0,91.0,0.47,9.3,0,14.0,0,0,0,0,0,0,0,0,0,1,0,0,1
502,3812,0.39,2.0,570.0,21.0,138.0,0.52,10.9,0,15.8,1,0,0,0,0,0,0,0,0,0,0,0,1
503,3813,0.28,2.2,420.0,21.0,177.0,0.57,11.4,0,14.0,0,0,0,0,0,0,0,0,0,1,0,0,1
504,3815,0.32,8.8,420.0,18.0,106.0,0.33,12.9,0,12.6,0,0,0,0,1,0,0,0,0,0,0,0,1
505,3816,0.3,8.8,450.0,28.0,131.0,0.59,9.9,0,13.6,0,0,0,0,1,0,0,0,0,0,0,0,1
506,3820,0.2,3.7,390.0,34.0,132.0,0.38,10.7,0,12.6,0,0,0,0,0,0,0,0,0,1,0,0,1
507,3850,0.32,9.0,230.0,20.0,109.0,0.35,12.6,0,13.4,1,0,0,0,0,0,0,0,0,0,0,0,1
508,3851,0.29,3.1,300.0,32.0,123.0,0.33,13.7,0,11.8,0,1,0,0,0,0,0,0,0,0,0,0,1
509,3853,0.26,4.6,310.0,26.0,120.0,0.73,12.5,0,13.2,0,0,0,0,0,0,0,0,0,1,0,0,1
510,3857,0.27,2.7,490.0,28.0,104.0,0.55,10.3,0,10.8,0,1,0,0,0,0,0,0,0,0,0,0,1
511,3865,0.38,4.8,400.0,41.0,101.0,0.56,13.1,0,12.0,0,0,0,0,0,0,0,0,0,1,0,0,1
512,3868,0.25,11.1,559.9999999999999,112.0,177.0,0.36,9.4,0,12.0,1,0,0,0,0,0,0,0,0,0,0,0,1
513,3878,0.31,10.2,690.0000000000001,58.0,170.0,0.49,9.4,0,13.0,0,0,0,0,0,0,0,0,0,1,0,0,1
514,3883,0.31,7.4,450.0,34.0,143.0,0.55,12.2,0,13.6,0,0,0,0,0,0,0,0,0,1,0,0,1
515,3888,0.24,17.8,470.0,42.0,111.0,0.45,8.9,0,12.0,1,0,0,0,0,0,0,0,0,0,0,0,1
516,3889,0.26,12.1,460.0,43.0,127.0,0.37,10.8,0,12.4,1,0,0,0,0,0,0,0,0,0,0,0,1
517,3890,0.26,8.2,430.0,28.0,98.0,0.31,11.4,0,12.8,0,0,0,0,0,0,0,0,0,1,0,0,1
518,3891,0.37,1.5,490.0,28.0,129.0,0.52,10.8,0,14.2,1,0,0,0,0,0,0,0,0,0,0,0,1
519,3894,0.16,6.4,310.0,21.0,134.0,0.46,12.2,0,11.8,0,0,0,0,1,0,0,0,0,0,0,0,1
520,3896,0.29,7.7,380.0,40.0,179.0,0.56,10.4,0,13.4,1,0,0,0,0,0,0,0,0,0,0,0,1
521,3897,0.3,12.3,350.00000000000006,72.0,172.0,0.57,10.4,0,14.0,1,0,0,0,0,0,0,0,0,0,0,0,1
522,3901,0.12,1.1,130.0,4.0,10.0,0.36,13.5,0,9.6,0,0,0,0,0,0,1,0,0,0,0,0,1
523,3902,0.38,2.8,1440.0000000000002,12.0,65.0,0.64,11.4,0,12.2,1,0,0,0,0,0,0,0,0,0,0,0,1
524,3904,0.18,1.9,360.00000000000006,33.0,106.0,0.83,14.0,0,10.0,0,0,0,0,1,0,0,0,0,0,0,0,1
525,3916,0.3,6.2,400.0,49.0,139.0,0.27,13.6,0,14.2,0,0,0,0,0,0,0,0,0,1,0,0,1
526,3918,0.28,1.6,370.00000000000006,31.0,113.0,0.4,14.2,0,12.8,0,0,0,0,0,0,0,0,0,1,0,0,1
527,3919,0.28,1.4,350.00000000000006,28.0,107.0,0.4,13.2,0,13.2,0,0,0,0,0,0,0,0,0,1,0,0,1
528,3921,0.34,14.8,570.0,46.0,173.0,0.57,10.2,0,14.6,0,0,0,0,0,0,0,0,0,1,0,0,1
529,3922,0.3,2.4,380.0,30.0,83.0,0.36,12.8,0,13.4,0,0,0,0,0,0,0,0,0,1,0,0,1
530,3937,0.36,6.7,1850.0,51.5,151.0,0.42,9.3,0,13.0,0,0,0,0,0,0,0,0,0,1,0,0,1
531,3941,0.34,1.0,680.0,32.0,143.0,0.4,10.1,0,9.8,0,0,0,0,0,0,0,0,0,1,0,0,1
532,3962,0.27,5.8,320.0,40.0,118.0,0.53,13.0,0,14.4,0,0,0,0,0,0,0,1,0,0,0,0,1
533,3969,0.3,2.8,340.0,33.0,125.0,0.49,10.4,0,12.8,0,1,0,0,0,0,0,0,0,0,0,0,1
534,3971,0.3,2.8,340.0,33.0,125.0,0.49,10.4,0,12.8,0,1,0,0,0,0,0,0,0,0,0,0,1
535,3980,0.25,12.1,350.00000000000006,54.0,135.0,0.4,10.7,0,12.2,1,0,0,0,0,0,0,0,0,0,0,0,1
536,3981,0.27,4.5,360.00000000000006,81.0,157.0,0.76,10.7,0,12.6,1,0,0,0,0,0,0,0,0,0,0,0,1
537,3987,0.41,14.6,480.0,73.0,223.0,0.71,9.4,0,14.6,1,0,0,0,0,0,0,0,0,0,0,0,1
538,3989,0.27,8.6,440.00000000000006,45.0,104.0,0.37,9.9,0,13.6,0,1,0,0,0,0,0,0,0,0,0,0,1
539,3990,0.41,14.6,480.0,73.0,223.0,0.71,9.4,0,14.6,1,0,0,0,0,0,0,0,0,0,0,0,1
540,3995,0.31,4.7,380.0,3.0,127.0,0.72,12.1,0,16.0,0,0,0,0,0,0,0,0,0,1,0,0,1
541,3997,0.29,3.1,410.0,37.0,144.0,0.39,12.8,0,12.0,1,0,0,0,0,0,0,0,0,0,0,0,1
542,4009,0.32,5.9,540.0000000000001,40.0,152.0,0.57,10.8,0,13.6,1,0,0,0,0,0,0,0,0,0,0,0,1
543,4012,0.49,5.8,530.0,25.0,120.0,0.98,10.5,0,12.8,1,0,0,0,0,0,0,0,0,0,0,0,1
544,4014,0.48,18.0,540.0000000000001,56.0,183.0,0.61,8.5,0,13.0,0,1,0,0,0,0,0,0,0,0,0,0,1
545,4031,0.57,1.0,600.0,15.0,120.0,0.41,9.5,0,12.8,1,0,0,0,0,0,0,0,0,0,0,0,1
546,4038,0.57,1.0,600.0,15.0,120.0,0.41,9.5,0,12.8,1,0,0,0,0,0,0,0,0,0,0,0,1
547,4039,0.16,4.4,330.0,8.0,109.0,0.47,12.4,0,12.2,0,0,1,0,0,0,0,0,0,0,0,0,1
548,4049,0.36,1.3,340.0,32.0,98.0,0.58,11.3,0,13.6,0,1,0,0,0,0,0,0,0,0,0,0,1
549,4054,0.28,17.55,500.0,33.0,154.0,0.43,9.0,0,14.4,0,1,0,0,0,0,0,0,0,0,0,0,1
550,4070,0.27,8.0,480.0,41.0,162.0,0.51,9.9,0,12.2,1,0,0,0,0,0,0,0,0,0,0,0,1
551,4076,0.26,9.6,500.0,33.0,134.0,0.46,10.4,0,14.8,0,0,0,0,0,0,0,0,0,1,0,0,1
552,4078,0.21,1.5,440.00000000000006,21.0,110.0,0.57,11.0,0,11.6,1,0,0,0,0,0,0,0,0,0,0,0,1
553,4082,0.28,8.6,460.0,37.0,142.0,0.53,10.6,0,11.8,1,0,0,0,0,0,0,0,0,0,0,0,1
554,4088,0.27,3.8,470.0,16.0,79.0,0.46,11.3,0,14.6,1,0,0,0,0,0,0,0,0,0,0,0,1
555,4093,0.27,10.7,1100.0,20.0,103.0,0.41,9.0,0,13.2,0,0,0,0,1,0,0,0,0,0,0,0,1
556,4097,0.28,7.9,570.0,21.0,82.0,0.36,10.0,0,12.8,0,1,0,0,0,0,0,0,0,0,0,0,1
557,4100,0.23,14.2,370.00000000000006,24.0,99.0,0.38,10.6,0,12.6,1,0,0,0,0,0,0,0,0,0,0,0,1
558,4102,0.23,9.5,570.0,54.0,166.0,0.42,10.0,0,13.8,0,0,0,0,0,0,0,0,0,1,0,0,1
559,4105,0.45,1.4,390.0,36.0,122.0,0.47,11.1,0,13.8,0,0,0,0,0,0,0,0,0,1,0,0,1
560,4107,0.26,20.3,370.00000000000006,45.0,150.0,0.38,12.3,0,13.6,0,0,0,0,0,0,0,0,0,1,0,0,1
561,4109,0.22,2.7,430.0,46.0,153.0,0.76,11.3,0,10.0,1,0,0,0,0,0,0,0,0,0,0,0,1
562,4119,0.31,3.5,460.0,22.0,147.0,0.31,12.0,0,13.0,0,0,0,0,1,0,0,0,0,0,0,0,1
563,4120,0.5,12.1,490.0,48.0,122.0,0.44,9.0,0,14.8,1,0,0,0,0,0,0,0,0,0,0,0,1
564,4121,0.22,17.45,540.0000000000001,42.0,151.0,0.6,9.3,0,12.6,1,0,0,0,0,0,0,0,0,0,0,0,1
565,4122,0.25,12.1,590.0,33.0,171.0,0.56,8.7,0,12.4,0,0,0,0,0,0,0,0,0,1,0,0,1
566,4131,0.26,8.6,480.0,47.0,206.0,0.36,9.1,0,14.8,0,0,0,0,0,0,0,0,0,1,0,0,1
567,4137,0.26,8.6,480.0,47.0,206.0,0.36,9.1,0,14.8,0,0,0,0,0,0,0,0,0,1,0,0,1
568,4145,0.29,11.9,520.0,54.0,160.0,0.58,10.4,0,13.6,1,0,0,0,0,0,0,0,0,0,0,0,1
569,4148,0.25,15.0,550.0,8.0,120.0,0.53,9.6,0,12.4,1,0,0,0,0,0,0,0,0,0,0,0,1
570,4152,0.25,15.0,550.0,8.0,120.0,0.53,9.6,0,12.4,1,0,0,0,0,0,0,0,0,0,0,0,1
571,4160,0.3,13.7,559.9999999999999,33.0,168.0,0.44,8.7,0,14.8,0,1,0,0,0,0,0,0,0,0,0,0,1
572,4170,0.3,13.7,559.9999999999999,33.0,168.0,0.44,8.7,0,14.8,0,1,0,0,0,0,0,0,0,0,0,0,1
573,4176,0.33,3.2,490.0,68.0,161.0,0.69,10.2,0,13.6,1,0,0,0,0,0,0,0,0,0,0,0,1
574,4179,0.4,15.4,520.0,81.0,198.0,0.69,9.4,0,13.8,1,0,0,0,0,0,0,0,0,0,0,0,1
575,4190,0.3,1.4,400.0,14.0,63.0,0.33,12.0,0,14.0,1,0,0,0,0,0,0,0,0,0,0,0,1
576,4194,0.24,6.5,440.00000000000006,28.0,100.0,0.33,10.2,0,13.4,1,0,0,0,0,0,0,0,0,0,0,0,1
577,4198,0.53,12.9,490.0,63.0,139.0,0.45,9.1,0,15.8,0,0,0,0,0,0,0,0,0,1,0,0,1
578,4211,0.42,11.8,410.0,32.0,193.0,0.49,10.0,0,14.2,0,0,0,0,0,0,0,0,0,1,0,0,1
579,4218,0.32,4.6,410.0,31.0,180.0,0.74,12.2,0,16.0,0,0,0,0,0,0,0,0,0,1,0,0,1
580,4219,0.24,12.1,559.9999999999999,68.0,210.0,0.5,9.5,0,14.0,0,0,0,0,1,0,0,0,0,0,0,0,1
581,4223,0.11,1.1,290.0,6.0,51.0,0.48,11.2,0,10.6,0,0,0,0,1,0,0,0,0,0,0,0,1
582,4224,0.35,6.5,290.0,26.0,87.0,0.44,12.5,0,10.8,1,0,0,0,0,0,0,0,0,0,0,0,1
583,4231,0.37,2.5,660.0,29.0,89.0,0.42,12.7,0,15.0,0,0,0,0,0,0,0,0,0,1,0,0,1
584,4237,0.3,1.2,300.0,27.0,80.0,0.68,10.5,0,15.0,1,0,0,0,0,0,0,0,0,0,0,0,1
585,4239,0.36,1.8,410.0,38.0,90.0,0.98,11.9,0,11.4,1,0,0,0,0,0,0,0,0,0,0,0,1
586,4242,0.29,4.2,370.00000000000006,69.0,144.0,0.74,10.8,0,11.8,1,0,0,0,0,0,0,0,0,0,0,0,1
587,4244,0.48,13.5,380.0,44.0,116.0,0.48,9.2,0,15.2,0,0,0,0,0,0,0,0,0,1,0,0,1
588,4248,0.2,1.6,400.0,26.0,114.0,0.45,11.4,0,11.8,0,1,0,0,0,0,0,0,0,0,0,0,1
589,4249,0.19,2.2,440.00000000000006,39.0,161.0,0.43,10.4,0,11.0,1,0,0,0,0,0,0,0,0,0,0,0,1
590,4260,0.22,5.25,380.0,44.0,145.0,0.4,11.2,0,12.4,0,0,0,0,0,0,0,0,0,1,0,0,1
591,4263,0.05,8.0,360.00000000000006,19.0,164.0,0.46,12.2,0,14.0,0,0,0,0,0,0,0,1,0,0,0,0,1
592,4265,0.22,5.25,380.0,44.0,145.0,0.4,11.2,0,12.4,0,0,0,0,0,0,0,0,0,1,0,0,1
593,4267,0.27,2.3,440.00000000000006,20.0,117.0,0.41,12.7,0,12.0,1,0,0,0,0,0,0,0,0,0,0,0,1
594,4281,0.24,17.8,590.0,23.0,124.0,0.5,10.1,0,11.4,1,0,0,0,0,0,0,0,0,0,0,0,1
595,4301,0.23,8.9,1050.0,22.0,155.0,0.58,9.5,0,14.4,0,0,0,0,0,0,0,0,0,1,0,0,1
596,4305,0.24,7.4,440.00000000000006,21.0,113.0,0.58,10.5,0,11.8,1,0,0,0,0,0,0,0,0,0,0,0,1
597,4306,0.27,11.5,500.0,51.0,133.0,0.37,10.8,0,12.2,1,0,0,0,0,0,0,0,0,0,0,0,1
598,4307,0.27,1.6,390.0,36.0,116.0,0.57,11.0,0,13.0,1,0,0,0,0,0,0,0,0,0,0,0,1
599,4309,0.25,4.8,380.0,16.0,121.0,0.71,12.6,0,13.2,0,0,0,0,0,0,0,0,0,1,0,0,1
600,4312,0.29,4.2,430.0,33.0,114.0,0.31,12.5,0,13.8,1,0,0,0,0,0,0,0,0,0,0,0,1
601,4319,0.24,5.4,350.00000000000006,33.0,115.0,0.44,12.8933333333333,0,13.4,0,0,0,0,1,0,0,0,0,0,0,0,1
602,4324,0.28,1.0,430.0,45.0,100.0,0.41,11.4,0,11.8,1,0,0,0,0,0,0,0,0,0,0,0,1
603,4334,0.27,13.9,570.0,45.0,155.0,0.41,8.8,0,14.6,0,1,0,0,0,0,0,0,0,0,0,0,1
604,4339,0.29,2.0,440.00000000000006,15.0,96.0,0.64,10.4,0,13.6,1,0,0,0,0,0,0,0,0,0,0,0,1
605,4345,0.35,3.2,340.0,21.0,107.0,0.54,11.1,0,14.2,1,0,0,0,0,0,0,0,0,0,0,0,1
606,4358,0.2,7.5,500.0,44.0,179.0,0.48,9.53333333333333,0,13.0,1,0,0,0,0,0,0,0,0,0,0,0,1
607,4359,0.2,5.8,620.0,52.0,203.0,0.44,9.8,0,14.4,0,0,0,0,0,0,0,0,0,1,0,0,1
608,4363,0.25,11.2,480.0,32.0,136.0,0.4,9.5,0,14.2,0,0,0,0,0,0,0,0,0,1,0,0,1
609,4364,0.21,9.65,410.0,36.0,119.0,0.34,10.933333333333302,0,12.8,1,0,0,0,0,0,0,0,0,0,0,0,1
610,4372,0.23,3.5,380.0,23.0,112.0,0.37,11.3666666666667,0,14.2,1,0,0,0,0,0,0,0,0,0,0,0,1
611,4380,0.29,7.3,500.0,33.0,143.0,0.5,11.066666666666698,0,11.4,0,0,0,0,0,0,0,0,0,1,0,0,1
612,4386,0.31,5.0,430.0,54.0,170.0,0.52,11.0,0,12.0,1,0,0,0,0,0,0,0,0,0,0,0,1
613,4387,0.33,1.2,390.0,34.0,97.0,0.75,11.2,0,14.2,1,0,0,0,0,0,0,0,0,0,0,0,1
614,4389,0.22,9.5,400.0,30.0,111.0,0.31,10.8,0,12.6,1,0,0,0,0,0,0,0,0,0,0,0,1
615,4390,0.44,15.8,570.0,39.0,167.0,0.51,9.2,0,12.4,1,0,0,0,0,0,0,0,0,0,0,0,1
616,4397,0.26,11.8,530.0,55.0,173.0,0.6,9.8,0,14.8,1,0,0,0,0,0,0,0,0,0,0,0,1
617,4398,0.26,11.8,530.0,55.0,173.0,0.6,9.8,0,14.8,1,0,0,0,0,0,0,0,0,0,0,0,1
618,4417,0.28,2.2,400.0,24.0,125.0,0.48,10.5,0,12.4,1,0,0,0,0,0,0,0,0,0,0,0,1
619,4421,0.23,17.3,470.0,37.0,118.0,0.46,8.8,0,13.2,1,0,0,0,0,0,0,0,0,0,0,0,1
620,4424,0.23,17.3,470.0,37.0,118.0,0.46,8.8,0,13.2,1,0,0,0,0,0,0,0,0,0,0,0,1
621,4426,0.52,6.5,470.0,28.0,123.0,0.49,9.9,0,12.4,1,0,0,0,0,0,0,0,0,0,0,0,1
622,4429,0.34,2.8,420.0,59.5,162.0,0.47,10.8,0,12.2,0,0,0,0,0,0,0,0,0,1,0,0,1
623,4431,0.28,2.8,430.0,17.0,67.0,0.47,13.2,0,13.2,0,0,0,0,0,0,0,0,0,1,0,0,1
624,4433,0.26,10.9,600.0,55.0,193.0,0.44,9.4,0,13.8,0,0,0,0,0,0,0,1,0,0,0,0,1
625,4435,0.3,9.15,510.0,25.0,166.0,0.56,11.333333333333302,0,13.0,1,0,0,0,0,0,0,0,0,0,0,0,1
626,4440,0.31,16.4,510.0,20.0,146.0,0.54,9.1,0,13.4,0,0,0,0,0,0,0,0,0,1,0,0,1
627,4442,0.31,16.4,510.0,20.0,146.0,0.54,9.1,0,13.4,0,0,0,0,0,0,0,0,0,1,0,0,1
628,4455,0.29,19.3,510.0,36.0,174.0,0.5,9.0,0,12.0,1,0,0,0,0,0,0,0,0,0,0,0,1
629,4469,0.27,2.1,420.0,35.0,100.0,0.63,10.9,0,12.8,1,0,0,0,0,0,0,0,0,0,0,0,1
630,4470,0.29,1.0,420.0,35.0,90.0,0.49,11.3,0,9.4,0,1,0,0,0,0,0,0,0,0,0,0,1
631,4475,0.33,1.9,360.00000000000006,37.0,110.0,0.58,12.4,0,11.4,1,0,0,0,0,0,0,0,0,0,0,0,1
632,4483,0.18,1.2,580.0,7.0,108.0,0.58,9.55,0,11.6,1,0,0,0,0,0,0,0,0,0,0,0,1
633,4484,0.26,4.5,530.0,17.0,126.0,0.46,9.1,0,11.6,0,0,0,0,0,0,0,1,0,0,0,0,1
634,4485,0.33,2.0,330.0,12.0,74.0,0.65,12.5,0,13.4,0,0,0,0,0,0,0,0,0,1,0,0,1
635,4509,0.17,1.3,610.0,14.0,100.0,0.55,9.5,0,13.4,1,0,0,0,0,0,0,0,0,0,0,0,1
636,4512,0.32,1.1,340.0,24.0,110.0,0.4,12.5,0,12.2,1,0,0,0,0,0,0,0,0,0,0,0,1
637,4514,0.18,9.0,510.0,28.5,259.0,0.5,8.8,0,12.2,0,0,0,0,1,0,0,0,0,0,0,0,1
638,4519,0.22,12.7,580.0,24.0,183.0,0.42,11.7,0,11.6,0,1,0,0,0,0,0,0,0,0,0,0,1
639,4532,0.21,1.3,559.9999999999999,35.0,121.0,0.33,11.4,0,11.6,0,1,0,0,0,0,0,0,0,0,0,0,1
640,4543,0.37,9.1,370.00000000000006,16.0,76.0,0.54,11.1,0,13.8,1,0,0,0,0,0,0,0,0,0,0,0,1
641,4548,0.22,14.7,470.0,51.0,183.0,0.6,10.5,0,12.8,0,0,0,0,1,0,0,0,0,0,0,0,1
642,4553,0.3,3.9,260.0,36.0,105.0,0.58,12.75,0,11.4,1,0,0,0,0,0,0,0,0,0,0,0,1
643,4559,0.32,9.3,400.0,22.0,110.0,0.54,10.7,0,13.8,1,0,0,0,0,0,0,0,0,0,0,0,1
644,4570,0.15,1.1,290.0,12.0,83.0,0.4,11.4,0,11.6,1,0,0,0,0,0,0,0,0,0,0,0,1
645,4578,0.32,1.2,420.0,40.0,98.0,0.64,11.8,0,9.6,0,1,0,0,0,0,0,0,0,0,0,0,1
646,4585,0.23,11.8,300.0,23.0,158.0,0.64,11.8,0,10.0,0,0,0,0,0,0,0,0,0,1,0,0,1
647,4587,0.35,10.0,350.00000000000006,22.0,108.0,0.36,11.6,0,16.0,0,0,0,0,0,0,0,0,0,1,0,0,1
648,4594,0.3,2.2,350.00000000000006,26.0,129.0,0.47,12.9,0,11.6,0,0,0,0,1,0,0,0,0,0,0,0,1
649,4601,0.35,6.9,300.0,45.0,116.0,0.54,11.0,0,13.8,1,0,0,0,0,0,0,0,0,0,0,0,1
650,4617,0.18,2.0,360.00000000000006,23.0,129.0,0.77,13.4,0,10.4,0,0,0,0,0,0,0,1,0,0,0,0,1
651,4625,0.23,6.65,340.0,6.0,158.0,0.48,11.2,0,16.6,0,0,0,0,1,0,0,0,0,0,0,0,1
652,4634,0.38,10.7,380.0,49.0,136.0,0.59,11.2,0,11.6,1,0,0,0,0,0,0,0,0,0,0,0,1
653,4641,0.36,1.2,350.00000000000006,43.0,126.0,0.63,11.4,0,13.2,1,0,0,0,0,0,0,0,0,0,0,0,1
654,4642,0.3,1.3,300.0,25.0,98.0,0.43,12.4,0,11.4,1,0,0,0,0,0,0,0,0,0,0,0,1
655,4644,0.22,3.4,350.00000000000006,40.0,122.0,0.47,12.3,0,13.6,1,0,0,0,0,0,0,0,0,0,0,0,1
656,4649,0.06,6.8,420.0,9.0,84.0,0.44,10.2,0,11.4,0,0,0,0,0,0,1,0,0,0,0,0,1
657,4653,0.28,2.5,350.00000000000006,18.0,73.0,0.47,12.8,0,12.6,0,0,0,0,0,0,0,0,0,1,0,0,1
658,4665,0.36,8.2,279.99999999999994,44.0,111.0,0.41,12.4,0,14.6,0,1,0,0,0,0,0,0,0,0,0,0,1
659,4667,0.34,6.1,340.0,31.0,114.0,0.58,10.15,0,12.2,0,1,0,0,0,0,0,0,0,0,0,0,1
660,4668,0.33,6.0,360.00000000000006,30.0,111.0,0.58,10.15,0,12.0,0,1,0,0,0,0,0,0,0,0,0,0,1
661,4670,0.49,11.4,350.00000000000006,57.0,137.0,0.54,8.9,0,13.2,1,0,0,0,0,0,0,0,0,0,0,0,1
662,4682,0.33,0.7,270.00000000000006,15.0,66.0,0.31,11.8,0,13.6,0,0,0,0,0,0,0,0,0,1,0,0,1
663,4685,0.32,10.4,620.0,23.0,114.0,0.49,10.5,0,14.4,1,0,0,0,0,0,0,0,0,0,0,0,1
664,4688,0.32,12.5,350.00000000000006,18.0,156.0,0.36,9.0,0,13.4,0,1,0,0,0,0,0,0,0,0,0,0,1
665,4690,0.32,12.5,350.00000000000006,18.0,156.0,0.36,9.0,0,13.4,0,1,0,0,0,0,0,0,0,0,0,0,1
666,4702,0.09,7.6,440.00000000000006,34.0,144.0,0.38,10.1,0,12.8,0,0,0,0,0,0,1,0,0,0,0,0,1
667,4703,0.28,1.4,370.00000000000006,36.0,83.0,0.42,10.9,0,11.8,0,1,0,0,0,0,0,0,0,0,0,0,1
668,4707,0.16,12.55,510.0,31.0,115.0,0.38,10.8,0,11.2,1,0,0,0,0,0,0,0,0,0,0,0,1
669,4716,0.38,2.6,330.0,10.0,69.0,0.59,10.8,0,11.0,0,0,0,0,0,0,0,0,0,1,0,0,1
670,4720,0.32,1.3,440.00000000000006,18.0,93.0,0.56,12.25,0,13.2,1,0,0,0,0,0,0,0,0,0,0,0,1
671,4721,0.33,10.7,360.00000000000006,27.0,98.0,0.52,10.2,0,12.2,0,0,0,0,0,0,0,0,0,1,0,0,1
672,4735,0.36,1.7,420.0,14.0,61.0,0.54,10.8,0,12.0,0,1,0,0,0,0,0,0,0,0,0,0,1
673,4742,0.32,3.6,350.00000000000006,36.0,133.0,0.46,10.8,0,12.0,1,0,0,0,0,0,0,0,0,0,0,0,1
674,4745,0.25,2.9,470.0,289.0,440.0,0.64,10.5,0,12.2,1,0,0,0,0,0,0,0,0,0,0,0,1
675,4752,0.36,1.3,350.00000000000006,40.0,78.0,0.64,12.1,0,10.2,1,0,0,0,0,0,0,0,0,0,0,0,1
676,4755,0.73,2.2,270.00000000000006,21.0,92.0,0.48,12.4,0,13.2,1,0,0,0,0,0,0,0,0,0,0,0,1
677,4756,0.26,3.5,350.00000000000006,38.0,111.0,0.47,13.6,0,12.0,0,0,0,0,0,0,0,0,0,1,0,0,1
678,4771,0.3,13.0,470.0,69.0,160.0,0.5,9.6,0,13.6,1,0,0,0,0,0,0,0,0,0,0,0,1
679,4777,0.32,2.0,340.0,31.0,102.0,0.56,12.3,0,11.8,1,0,0,0,0,0,0,0,0,0,0,0,1
680,4783,0.5,12.1,450.0,38.0,127.0,0.53,8.9,0,13.4,0,0,0,0,0,0,0,0,0,1,0,0,1
681,4800,0.33,1.1,390.0,45.0,126.0,0.45,11.6,0,12.0,1,0,0,0,0,0,0,0,0,0,0,0,1
682,4804,0.46,0.9,330.0,9.0,65.0,0.35,12.1,0,12.0,0,0,0,0,0,0,0,0,0,1,0,0,1
683,4806,0.09,10.9,510.0,37.0,131.0,0.62,9.5,0,13.2,1,0,0,0,0,0,0,0,0,0,0,0,1
684,4815,0.01,3.2,410.0,18.0,120.0,0.94,13.7,0,12.4,0,0,0,0,0,1,0,0,0,0,0,0,1
685,4817,0.25,3.7,310.0,38.0,122.0,0.63,11.2,0,11.6,0,0,0,0,0,0,0,0,0,1,0,0,1
686,4819,0.35,5.1,260.0,17.0,113.0,0.67,12.4,0,11.4,0,0,0,0,1,0,0,0,0,0,0,0,1
687,4820,0.5,1.0,1270.0,63.0,178.0,0.45,9.7,0,11.6,0,0,0,0,0,0,0,0,0,1,0,0,1
688,4821,0.47,1.3,430.0,18.0,131.0,0.45,11.0,0,14.0,1,0,0,0,0,0,0,0,0,0,0,0,1
689,4824,0.35,10.3,420.0,54.0,140.0,0.47,9.2,0,12.8,1,0,0,0,0,0,0,0,0,0,0,0,1
690,4828,0.35,10.3,420.0,54.0,140.0,0.47,9.2,0,12.8,1,0,0,0,0,0,0,0,0,0,0,0,1
691,4835,0.26,1.1,350.00000000000006,40.0,102.0,0.56,10.6,0,11.2,1,0,0,0,0,0,0,0,0,0,0,0,1
692,4838,0.24,7.4,380.0,28.0,114.0,0.51,11.0,0,10.6,1,0,0,0,0,0,0,0,0,0,0,0,1
693,4851,0.44,8.9,550.0,52.0,164.0,0.48,9.6,0,12.8,0,0,0,0,0,0,0,0,0,1,0,0,1
694,4854,0.29,3.9,410.0,22.0,79.0,0.59,12.066666666666698,0,12.4,0,0,0,0,0,0,0,0,0,1,0,0,1
695,4867,0.34,1.4,310.0,3.0,60.0,0.38,13.0,0,10.6,0,0,0,0,0,0,1,0,0,0,0,0,1
696,4869,0.33,10.1,320.0,8.0,81.0,0.51,9.8,0,13.2,1,0,0,0,0,0,0,0,0,0,0,0,1
697,4871,0.4,1.9,150.0,20.0,98.0,0.55,12.05,0,10.0,1,0,0,0,0,0,0,0,0,0,0,0,1
698,4876,0.42,2.5,380.0,34.0,117.0,0.59,11.6,0,12.4,0,0,0,0,0,0,0,0,0,1,0,0,1
699,4877,0.0,0.8,320.0,12.0,82.0,0.36,8.8,0,11.8,0,0,0,0,0,0,0,1,0,0,0,0,1
700,4879,0.4,8.1,460.0,68.0,170.0,0.5,9.53333333333333,0,13.2,0,0,0,0,0,0,0,0,0,1,0,0,1
701,4883,0.17,1.9,350.00000000000006,60.0,148.0,0.35,11.5,0,9.8,0,0,0,0,1,0,0,0,0,0,0,0,1
702,4885,0.4,8.1,460.0,68.0,170.0,0.5,9.55,0,13.2,0,0,0,0,0,0,0,0,0,1,0,0,1
703,4886,0.28,5.7,279.99999999999994,45.0,121.0,1.08,12.15,0,12.4,1,0,0,0,0,0,0,0,0,0,0,0,1
704,4890,0.29,2.2,360.00000000000006,25.0,100.0,0.44,11.8,0,12.2,0,0,0,0,0,0,0,0,0,1,0,0,1
705,4896,0.3,1.1,220.00000000000003,20.0,110.0,0.38,12.8,0,11.0,1,0,0,0,0,0,0,0,0,0,0,0,1
706,14,0.18,3.8,1760.0000000000002,52.0,145.0,0.88,9.2,0,17.8,0,0,0,0,0,0,1,0,0,0,0,1,0
707,26,0.24,1.8,800.0,4.0,11.0,0.59,9.5,0,15.2,0,0,0,0,1,0,0,0,0,0,0,1,0
708,30,0.07,2.4,890.0000000000001,17.0,82.0,0.54,10.1,0,13.4,0,0,0,0,0,0,1,0,0,0,0,1,0
709,52,0.04,2.1,680.0,6.0,14.0,0.64,9.4,0,13.2,0,0,0,0,0,0,0,1,0,0,0,1,0
710,100,0.3,2.1,840.0,11.0,50.0,0.61,10.2,0,16.6,0,0,0,0,0,0,1,0,0,0,0,1,0
711,180,0.14,2.4,670.0,10.0,42.0,0.59,9.5,0,17.6,0,0,0,0,0,0,1,0,0,0,0,1,0
712,204,0.36,1.6,890.0000000000001,14.0,37.0,0.56,9.2,0,14.0,0,0,0,0,1,0,0,0,0,0,0,1,0
713,207,0.31,1.8,690.0000000000001,26.0,120.0,0.53,9.3,0,15.6,0,0,0,0,0,0,0,1,0,0,0,1,0
714,216,0.16,2.0,1010.0,13.0,49.0,0.57,11.0,0,17.4,0,0,0,0,0,0,1,0,0,0,0,1,0
715,228,0.25,2.6,730.0,29.0,63.0,0.58,10.5,0,15.4,0,0,0,0,1,0,0,0,0,0,0,1,0
716,293,0.25,2.4,980.0,5.0,16.0,0.6,10.1,0,13.8,0,0,0,0,0,0,0,0,0,1,0,1,0
717,309,0.38,1.7,620.0,9.0,30.0,0.53,9.5,0,14.8,1,0,0,0,0,0,0,0,0,0,0,1,0
718,327,0.5,4.5,1070.0,5.0,13.0,0.83,11.5,0,20.6,0,0,0,0,1,0,0,0,0,0,0,1,0
719,329,0.39,2.0,610.0,7.0,15.0,0.62,9.5,0,21.4,0,0,0,0,1,0,0,0,0,0,0,1,0
720,332,0.28,3.2,660.0,21.0,114.0,0.54,9.4,0,16.0,0,0,0,0,0,0,0,1,0,0,0,1,0
721,340,0.5,2.4,660.0,10.0,21.0,1.18,9.2,0,24.4,0,0,0,0,0,0,0,0,0,1,0,1,0
722,347,0.67,3.0,930.0,6.0,15.0,0.93,12.0,0,27.6,0,0,0,0,1,0,0,0,0,0,0,1,0
723,357,0.66,2.95,1160.0,12.0,29.0,0.75,11.7,0,21.0,0,0,0,0,1,0,0,0,0,0,0,1,0
724,393,0.61,2.0,1119.9999999999998,13.0,95.0,0.54,9.1,0,16.8,0,0,0,0,0,0,1,0,0,0,0,1,0
725,397,0.59,2.6,869.9999999999999,13.0,49.0,0.65,11.0,0,23.0,0,0,0,0,0,0,0,1,0,0,0,1,0
726,408,0.58,3.7,1739.9999999999998,6.0,16.0,0.7,11.3,0,20.8,0,0,0,0,0,0,0,0,0,1,0,1,0
727,438,0.55,3.2,760.0,22.0,54.0,0.89,9.9,0,20.8,0,0,0,0,1,0,0,0,0,0,0,1,0
728,440,0.72,2.2,720.0000000000001,6.0,29.0,0.82,9.8,0,25.2,0,0,0,0,0,0,0,0,0,1,0,1,0
729,469,0.02,1.2,700.0000000000001,36.0,48.0,0.58,9.8,0,17.4,0,0,0,1,0,0,0,0,0,0,0,1,0
730,480,0.39,15.5,690.0000000000001,6.0,23.0,0.66,9.2,0,21.2,1,0,0,0,0,0,0,0,0,0,0,1,0
731,499,0.31,3.0,859.9999999999999,23.0,81.0,0.74,11.6,0,17.4,0,0,0,0,0,0,1,0,0,0,0,1,0
732,503,0.47,1.9,780.0,6.0,24.0,1.04,10.9,0,21.0,1,0,0,0,0,0,0,0,0,0,0,1,0
733,510,0.49,4.6,730.0,19.0,43.0,0.61,9.5,0,24.8,0,0,0,0,1,0,0,0,0,0,0,1,0
734,541,0.49,6.3,640.0,5.0,17.0,0.73,11.0,0,19.0,0,0,0,0,1,0,0,0,0,0,0,1,0
735,607,0.41,3.3,920.0,26.0,52.0,0.53,10.5,0,17.6,0,0,0,0,1,0,0,0,0,0,0,1,0
736,617,0.51,2.2,790.0,14.0,28.0,0.93,9.8,0,23.0,0,0,0,0,0,0,0,0,0,1,0,1,0
737,642,0.45,2.3,709.9999999999999,16.0,40.0,0.62,9.4,0,19.8,0,0,0,0,0,0,0,1,0,0,0,1,0
738,699,0.55,2.1,709.9999999999999,5.0,19.0,0.62,10.8,0,23.6,0,0,0,0,0,0,0,0,0,1,0,1,0
739,714,0.28,2.6,780.0,21.0,77.0,0.51,9.8,0,19.8,0,0,0,0,0,1,0,0,0,0,0,1,0
740,722,0.08,2.7,840.0,15.0,48.0,0.59,10.0,0,15.2,0,0,0,0,1,0,0,0,0,0,0,1,0
741,759,0.21,2.5,920.0,33.0,88.0,0.52,9.2,0,17.6,0,0,0,0,1,0,0,0,0,0,0,1,0
742,836,0.28,2.4,120.0,36.0,100.0,0.39,11.7,0,13.4,1,0,0,0,0,0,0,0,0,0,0,1,0
743,844,0.46,1.7,620.0,26.0,42.0,0.83,10.6,0,19.8,1,0,0,0,0,0,0,0,0,0,0,1,0
744,881,0.0,2.1,680.0,30.0,35.0,0.65,11.4,0,15.2,0,0,0,0,0,1,0,0,0,0,0,1,0
745,920,0.37,2.3,910.0,10.0,23.0,0.56,10.5,0,19.2,0,0,0,0,1,0,0,0,0,0,0,1,0
746,988,0.12,1.7,970.0,19.0,27.0,0.49,9.4,0,15.4,0,0,0,0,0,0,0,0,0,1,0,1,0
747,996,0.0,2.2,869.9999999999999,3.0,11.0,0.63,12.8,0,11.2,0,0,0,0,0,0,1,0,0,0,0,1,0
748,1009,0.36,2.8,1160.0,26.0,55.0,0.68,10.9,0,19.2,0,0,0,0,0,0,0,1,0,0,0,1,0
749,1015,0.46,2.2,750.0,14.0,27.0,0.84,11.4,0,21.0,0,0,0,0,0,0,0,0,0,1,0,1,0
750,1016,0.4,2.2,680.0,12.0,28.0,0.75,12.6,0,17.8,0,0,0,0,0,0,0,0,0,1,0,1,0
751,1031,0.01,1.8,930.0,9.0,15.0,0.58,11.0,0,14.6,0,0,0,0,0,0,0,1,0,0,0,1,0
752,1063,0.65,2.4,750.0,6.0,17.0,0.63,11.8,0,20.4,1,0,0,0,0,0,0,0,0,0,0,1,0
753,1067,0.53,2.2,600.0,3.0,10.0,0.83,10.9,0,22.2,0,0,0,0,0,0,0,0,0,1,0,1,0
754,1071,0.2,8.1,980.0,30.0,92.0,0.58,9.2,0,15.0,0,0,0,0,0,1,0,0,0,0,0,1,0
755,1080,0.56,1.4,470.0,3.0,8.0,0.51,11.8,0,20.6,1,0,0,0,0,0,0,0,0,0,0,1,0
756,1085,0.08,1.8,740.0000000000001,40.0,64.0,0.49,9.6,0,13.6,0,0,0,0,1,0,0,0,0,0,0,1,0
757,1117,0.07,2.5,910.0,15.0,21.0,0.6,11.3,0,14.0,0,0,0,0,0,0,1,0,0,0,0,1,0
758,1146,0.12,1.8,1780.0000000000002,6.0,21.0,0.87,9.8,0,15.6,0,0,0,0,0,0,0,1,0,0,0,1,0
759,1154,0.0,2.2,1000.0,50.0,63.0,0.68,11.4,0,13.2,0,0,0,0,0,0,0,1,0,0,0,1,0
760,1156,0.51,1.75,709.9999999999999,45.0,88.0,0.76,11.8,0,17.0,0,1,0,0,0,0,0,0,0,0,0,1,0
761,1182,0.4,2.5,680.0,41.0,54.0,0.86,10.5,0,20.4,0,0,0,0,1,0,0,0,0,0,0,1,0
762,1206,0.46,2.1,740.0000000000001,24.0,44.0,0.85,11.0,0,14.4,0,0,0,0,0,0,0,0,0,1,0,1,0
763,1213,0.42,1.9,709.9999999999999,5.0,13.0,0.75,10.5,0,19.2,0,0,0,0,0,0,0,0,0,1,0,1,0
764,1229,0.29,2.1,750.0,19.0,66.0,0.64,9.5,0,15.2,0,0,0,0,1,0,0,0,0,0,0,1,0
765,1231,0.01,2.6,740.0000000000001,48.0,90.0,0.62,10.8,0,15.6,0,0,0,1,0,0,0,0,0,0,0,1,0
766,1259,0.0,2.7,1230.0000000000002,15.0,33.0,0.63,11.3,0,13.6,0,0,0,0,0,0,1,0,0,0,0,1,0
767,1327,0.24,1.7,770.0,18.0,34.0,0.6,10.6,0,13.4,0,0,0,0,1,0,0,0,0,0,0,1,0
768,1341,0.02,1.7,840.0,13.0,31.0,0.54,10.5,0,15.0,0,0,0,0,0,0,0,1,0,0,0,1,0
769,1375,0.26,2.0,830.0,13.0,100.0,0.52,9.9,0,14.4,0,0,0,0,0,0,0,1,0,0,0,1,0
770,1402,0.42,2.0,520.0,6.0,24.0,0.82,11.9,0,15.2,0,0,0,0,0,0,0,0,0,1,0,1,0
771,1416,0.59,2.2,770.0,3.0,15.0,0.78,9.6,0,20.0,0,0,0,0,0,0,0,0,0,1,0,1,0
772,1435,0.37,15.4,2140.0,55.0,95.0,0.77,9.0,0,20.4,0,0,0,0,0,0,0,1,0,0,0,1,0
773,1438,0.0,1.7,520.0,3.0,8.0,0.47,10.3,0,14.0,0,0,0,0,0,0,0,1,0,0,0,1,0
774,1442,0.02,1.9,780.0,18.0,30.0,0.75,9.8,0,13.8,0,0,0,0,0,0,1,0,0,0,0,1,0
775,1445,0.19,5.2,940.0,19.0,98.0,0.52,9.6,0,14.8,0,0,0,0,0,1,0,0,0,0,0,1,0
776,1461,0.0,2.1,600.0,6.0,13.0,0.61,10.0,0,12.4,0,0,0,0,0,1,0,0,0,0,0,1,0
777,1467,0.08,2.3,670.0,19.0,32.0,0.57,11.0,0,13.4,0,0,0,0,0,0,0,0,1,0,0,1,0
778,1474,0.5,13.8,2050.0,48.0,82.0,0.75,8.8,0,19.8,0,0,0,0,0,0,0,1,0,0,0,1,0
